Timestamp,Calibration On,Ref Temperature,Raw T1,Calibrated T1,Polynomial Coeffs T1,Raw T2,Calibrated T2,Polynomial Coeffs T2,Raw T3,Calibrated T3,Polynomial Coeffs T3,Raw T4,Calibrated T4,Polynomial Coeffs T4,Raw T5,Calibrated T5,Polynomial Coeffs T5,Raw T6,Calibrated T6,Polynomial Coeffs T6
2024-04-17 10:16:02,No,N/A,95.08988189666667,N/A,N/A,98.93989308666666,N/A,N/A,100.18363953333333,N/A,N/A,100.95703123333332,N/A,N/A,96.25455729333333,N/A,N/A,99.23914591333333,N/A,N/A
2024-04-17 10:16:06,No,N/A,95.01837412666667,N/A,N/A,98.7250646,N/A,N/A,100.196462,N/A,N/A,100.95211793333334,N/A,N/A,96.08960469333333,N/A,N/A,99.13788350666668,N/A,N/A
2024-04-17 10:16:08,No,N/A,95.01087443333331,N/A,N/A,98.73849487,N/A,N/A,100.22689056666667,N/A,N/A,100.98107146666666,N/A,N/A,96.03661855,N/A,N/A,99.12205505333334,N/A,N/A
2024-04-17 10:16:10,No,N/A,95.02983093333334,N/A,N/A,98.76469166999999,N/A,N/A,100.24688213333333,N/A,N/A,101.01187896666666,N/A,N/A,96.03615061333333,N/A,N/A,99.10845184333334,N/A,N/A
2024-04-17 10:16:11,No,N/A,95.04421743,N/A,N/A,98.78647867666666,N/A,N/A,100.24431356666668,N/A,N/A,101.00266013333334,N/A,N/A,96.03159841000002,N/A,N/A,99.12129974333334,N/A,N/A
2024-04-17 10:16:13,No,N/A,95.03329468,N/A,N/A,98.80235545,N/A,N/A,100.15625,N/A,N/A,100.90579223333333,N/A,N/A,95.92352549333333,N/A,N/A,99.05851745666666,N/A,N/A
2024-04-17 10:16:14,No,N/A,13.780957536666667,N/A,N/A,16.30662282,N/A,N/A,17.153361000000007,N/A,N/A,17.658564266666662,N/A,N/A,-48.15265147333333,N/A,N/A,-51.882784533333336,N/A,N/A
2024-04-17 10:16:16,No,N/A,-147.6949463,N/A,N/A,-147.6949463,N/A,N/A,-147.6949463,N/A,N/A,-147.6949463,N/A,N/A,-147.6949463,N/A,N/A,-147.6949463,N/A,N/A
2024-04-17 10:16:17,No,N/A,-147.6949463,N/A,N/A,-147.6949463,N/A,N/A,-147.6949463,N/A,N/A,-147.6949463,N/A,N/A,-147.6949463,N/A,N/A,-147.6949463,N/A,N/A
2024-04-17 10:16:19,No,N/A,-147.6949463,N/A,N/A,-147.6949463,N/A,N/A,-147.6949463,N/A,N/A,-147.6949463,N/A,N/A,-147.6949463,N/A,N/A,-147.6949463,N/A,N/A
2024-04-17 10:16:21,No,N/A,-147.6949463,N/A,N/A,-147.6949463,N/A,N/A,-147.6949463,N/A,N/A,-147.6949463,N/A,N/A,-147.6949463,N/A,N/A,-147.6949463,N/A,N/A
2024-04-17 10:16:22,No,N/A,-147.6949463,N/A,N/A,-147.6949463,N/A,N/A,-147.6949463,N/A,N/A,-147.6949463,N/A,N/A,-147.6949463,N/A,N/A,-147.6949463,N/A,N/A
2024-04-17 10:16:24,No,N/A,-147.6949463,N/A,N/A,-147.6949463,N/A,N/A,-147.6949463,N/A,N/A,-147.6949463,N/A,N/A,-147.6949463,N/A,N/A,-147.6949463,N/A,N/A
2024-04-17 10:16:25,No,N/A,-147.6949463,N/A,N/A,-147.6949463,N/A,N/A,-147.6949463,N/A,N/A,-147.6949463,N/A,N/A,-147.6949463,N/A,N/A,-147.6949463,N/A,N/A
2024-04-17 10:16:27,No,N/A,-147.6949463,N/A,N/A,-147.6949463,N/A,N/A,-147.6949463,N/A,N/A,-147.6949463,N/A,N/A,-147.6949463,N/A,N/A,-147.6949463,N/A,N/A
2024-04-17 10:16:28,No,N/A,-147.6949463,N/A,N/A,-147.6949463,N/A,N/A,-147.6949463,N/A,N/A,-147.6949463,N/A,N/A,-147.6949463,N/A,N/A,-147.6949463,N/A,N/A
2024-04-17 10:16:30,No,N/A,-147.6949463,N/A,N/A,-147.6949463,N/A,N/A,-147.6949463,N/A,N/A,-147.6949463,N/A,N/A,-147.6949463,N/A,N/A,-147.6949463,N/A,N/A
2024-04-17 10:16:32,No,N/A,-33.44612376333333,N/A,N/A,-33.24530919666667,N/A,N/A,-33.36796379333334,N/A,N/A,7.000574749999999,N/A,N/A,-33.45846749,N/A,N/A,23.86590131,N/A,N/A
2024-04-17 10:16:33,No,N/A,23.67504056333333,N/A,N/A,23.98814455666667,N/A,N/A,23.727223716666668,N/A,N/A,23.986803690000002,N/A,N/A,23.658770243333333,N/A,N/A,23.88292948333333,N/A,N/A
2024-04-17 10:16:35,No,N/A,23.69958369,N/A,N/A,24.013375596666666,N/A,N/A,23.95258839666667,N/A,N/A,24.207544963333333,N/A,N/A,23.662417726666664,N/A,N/A,23.899588903333335,N/A,N/A
2024-04-17 10:16:36,No,N/A,23.74244499,N/A,N/A,24.054022469999996,N/A,N/A,24.28833897666667,N/A,N/A,24.521800993333333,N/A,N/A,23.686841966666666,N/A,N/A,23.93761126,N/A,N/A
2024-04-17 10:16:38,No,N/A,23.796064376666667,N/A,N/A,24.108057656666663,N/A,N/A,24.65258280333333,N/A,N/A,24.864817936666668,N/A,N/A,23.72971217,N/A,N/A,23.994155246666665,N/A,N/A
2024-04-17 10:16:39,No,N/A,23.85702578333333,N/A,N/A,24.169144313333334,N/A,N/A,25.01504198666667,N/A,N/A,25.20696703666667,N/A,N/A,23.786434173333333,N/A,N/A,24.062233606666666,N/A,N/A
2024-04-17 10:16:41,No,N/A,23.926400503333337,N/A,N/A,24.240050633333336,N/A,N/A,25.3606472,N/A,N/A,25.53479830666667,N/A,N/A,23.855545046666666,N/A,N/A,24.143153506666664,N/A,N/A
2024-04-17 10:16:43,No,N/A,24.00258890666667,N/A,N/A,24.325466789999997,N/A,N/A,25.683909096666667,N/A,N/A,25.85023689,N/A,N/A,23.935024896666665,N/A,N/A,24.238524756666667,N/A,N/A
2024-04-17 10:16:44,No,N/A,24.085932413333335,N/A,N/A,24.418701809999998,N/A,N/A,25.98143196,N/A,N/A,26.141887030000003,N/A,N/A,24.02105967,N/A,N/A,24.339474359999997,N/A,N/A
2024-04-17 10:16:46,No,N/A,24.172356286666666,N/A,N/A,24.509289423333332,N/A,N/A,26.25089264,N/A,N/A,26.40221341333333,N/A,N/A,24.11075655666667,N/A,N/A,24.439219156666667,N/A,N/A
2024-04-17 10:16:47,No,N/A,24.25264295,N/A,N/A,24.597987493333335,N/A,N/A,26.488309223333335,N/A,N/A,26.63489914,N/A,N/A,24.199600856666667,N/A,N/A,24.539737066666664,N/A,N/A
2024-04-17 10:16:49,No,N/A,24.3357563,N/A,N/A,24.686012270000003,N/A,N/A,26.70480664333333,N/A,N/A,26.844345726666663,N/A,N/A,24.291474660000002,N/A,N/A,24.640663146666668,N/A,N/A
2024-04-17 10:16:50,No,N/A,24.42182540666667,N/A,N/A,24.772976556666666,N/A,N/A,26.896378836666667,N/A,N/A,27.03098996333333,N/A,N/A,24.38410822666667,N/A,N/A,24.74196879,N/A,N/A
2024-04-17 10:16:52,No,N/A,24.515113196666665,N/A,N/A,24.87219174666667,N/A,N/A,27.075450259999997,N/A,N/A,27.20255788,N/A,N/A,24.481049216666666,N/A,N/A,24.847679773333336,N/A,N/A
2024-04-17 10:16:54,No,N/A,24.74770927333333,N/A,N/A,25.047255833333335,N/A,N/A,27.973947523333337,N/A,N/A,28.413387936666666,N/A,N/A,24.90417607666667,N/A,N/A,25.178744000000005,N/A,N/A
2024-04-17 10:16:55,No,N/A,26.2926089,N/A,N/A,26.87976901,N/A,N/A,35.178325656666665,N/A,N/A,37.44107437,N/A,N/A,26.6269118,N/A,N/A,27.21757253,N/A,N/A
2024-04-17 10:16:57,No,N/A,28.56167094,N/A,N/A,29.57734616666667,N/A,N/A,42.64283244,N/A,N/A,43.99385706666667,N/A,N/A,29.06355603333333,N/A,N/A,29.751359303333334,N/A,N/A
2024-04-17 10:16:58,No,N/A,31.359927496666668,N/A,N/A,31.924815496666668,N/A,N/A,48.32481257,N/A,N/A,48.41423797666667,N/A,N/A,31.79458999666667,N/A,N/A,32.26544062666667,N/A,N/A
2024-04-17 10:17:00,No,N/A,33.570706683333334,N/A,N/A,34.558441163333335,N/A,N/A,51.047472633333335,N/A,N/A,51.17203903,N/A,N/A,34.091014859999994,N/A,N/A,34.94994227,N/A,N/A
2024-04-17 10:17:02,No,N/A,35.67668406333333,N/A,N/A,36.93912379,N/A,N/A,53.34353256333333,N/A,N/A,53.17272822,N/A,N/A,36.37679291,N/A,N/A,37.35104497333333,N/A,N/A
2024-04-17 10:17:03,No,N/A,37.67049153666667,N/A,N/A,39.07475535,N/A,N/A,55.207042693333335,N/A,N/A,54.72305044,N/A,N/A,38.56756083333334,N/A,N/A,39.53843307666667,N/A,N/A
2024-04-17 10:17:05,No,N/A,39.53966268,N/A,N/A,41.02310434666666,N/A,N/A,56.739663443333335,N/A,N/A,55.97191238333334,N/A,N/A,40.64049275666667,N/A,N/A,41.543085733333335,N/A,N/A
2024-04-17 10:17:06,No,N/A,41.291975656666665,N/A,N/A,42.79110844666667,N/A,N/A,58.00478871666667,N/A,N/A,57.0043602,N/A,N/A,42.568851470000006,N/A,N/A,43.38005065666667,N/A,N/A
2024-04-17 10:17:08,No,N/A,42.92677307333333,N/A,N/A,44.40493901333334,N/A,N/A,59.066338856666675,N/A,N/A,57.85924275666667,N/A,N/A,44.36353810666666,N/A,N/A,45.06328201,N/A,N/A
2024-04-17 10:17:09,No,N/A,44.46543503,N/A,N/A,45.89118957333333,N/A,N/A,59.94011306666667,N/A,N/A,58.58562851,N/A,N/A,46.02785873666667,N/A,N/A,46.600209553333336,N/A,N/A
2024-04-17 10:17:11,No,N/A,45.90689722666667,N/A,N/A,47.28348541333333,N/A,N/A,60.694168090000005,N/A,N/A,59.233050029999994,N/A,N/A,47.57495625666667,N/A,N/A,48.02315012666667,N/A,N/A
2024-04-17 10:17:13,No,N/A,47.27301915333334,N/A,N/A,48.56356811333333,N/A,N/A,61.36123911666667,N/A,N/A,59.80435308,N/A,N/A,49.00646591333333,N/A,N/A,49.32792663666667,N/A,N/A
2024-04-17 10:17:14,No,N/A,48.56461334,N/A,N/A,49.77117156666666,N/A,N/A,61.969512943333335,N/A,N/A,60.338830313333325,N/A,N/A,50.338521320000005,N/A,N/A,50.52952957333334,N/A,N/A
2024-04-17 10:17:16,No,N/A,49.76917266666667,N/A,N/A,50.89584223333333,N/A,N/A,62.524058020000005,N/A,N/A,60.829013826666674,N/A,N/A,51.57089869333333,N/A,N/A,51.64355469,N/A,N/A
2024-04-17 10:17:17,No,N/A,50.89861043333334,N/A,N/A,51.948572793333334,N/A,N/A,63.02292632666666,N/A,N/A,61.26730092333333,N/A,N/A,52.72222137333333,N/A,N/A,52.69084167333333,N/A,N/A
2024-04-17 10:17:19,No,N/A,51.94806416666666,N/A,N/A,52.91878128,N/A,N/A,63.46756871666667,N/A,N/A,61.674158733333336,N/A,N/A,53.77799988,N/A,N/A,53.65860875333333,N/A,N/A
2024-04-17 10:17:20,No,N/A,52.92227808333333,N/A,N/A,53.79955927666666,N/A,N/A,63.885505673333334,N/A,N/A,62.06103769999999,N/A,N/A,54.725818636666666,N/A,N/A,54.54785156333333,N/A,N/A
2024-04-17 10:17:22,No,N/A,53.82561366000001,N/A,N/A,54.61246617333333,N/A,N/A,64.31746419,N/A,N/A,62.44122823,N/A,N/A,55.58785375,N/A,N/A,55.37559636333333,N/A,N/A
2024-04-17 10:17:24,No,N/A,54.66305923666667,N/A,N/A,55.40841420666667,N/A,N/A,64.70031229666667,N/A,N/A,62.81515375666667,N/A,N/A,56.38528824,N/A,N/A,56.15837224333334,N/A,N/A
2024-04-17 10:17:25,No,N/A,55.456305183333335,N/A,N/A,56.170762380000006,N/A,N/A,65.06494903666668,N/A,N/A,63.169331866666674,N/A,N/A,57.119703926666666,N/A,N/A,56.876586913333334,N/A,N/A
2024-04-17 10:17:27,No,N/A,56.18739318666667,N/A,N/A,56.88634236666667,N/A,N/A,65.39560953666667,N/A,N/A,63.51595052333334,N/A,N/A,57.81179936666666,N/A,N/A,57.553974153333336,N/A,N/A
2024-04-17 10:17:28,No,N/A,56.87110011000001,N/A,N/A,57.559421539999995,N/A,N/A,65.71758524666666,N/A,N/A,63.85234451333334,N/A,N/A,58.46082305666666,N/A,N/A,58.18589655333333,N/A,N/A
2024-04-17 10:17:30,No,N/A,57.51926040666666,N/A,N/A,58.20842234666666,N/A,N/A,66.02630869666666,N/A,N/A,64.17801157666666,N/A,N/A,59.07150141666667,N/A,N/A,58.77334976333333,N/A,N/A
2024-04-17 10:17:31,No,N/A,58.14824295,N/A,N/A,58.80695979,N/A,N/A,66.33808136,N/A,N/A,64.49025980666666,N/A,N/A,59.65377553333334,N/A,N/A,59.33623377666667,N/A,N/A
2024-04-17 10:17:33,No,N/A,58.74393208666667,N/A,N/A,59.358591716666666,N/A,N/A,66.64766947333334,N/A,N/A,64.77855174000001,N/A,N/A,60.22173436333333,N/A,N/A,59.90250397,N/A,N/A
2024-04-17 10:17:35,No,N/A,59.32175064333333,N/A,N/A,59.88402302666666,N/A,N/A,66.93958282333334,N/A,N/A,65.05566660666666,N/A,N/A,60.77488835666667,N/A,N/A,60.43835958,N/A,N/A
2024-04-17 10:17:36,No,N/A,59.864808399999994,N/A,N/A,60.355158486666674,N/A,N/A,67.2346344,N/A,N/A,65.32399241,N/A,N/A,61.28114700333333,N/A,N/A,60.92598215666667,N/A,N/A
2024-04-17 10:17:38,No,N/A,60.36665217,N/A,N/A,60.802928926666674,N/A,N/A,67.53490448000001,N/A,N/A,65.59290822666667,N/A,N/A,61.73548635,N/A,N/A,61.38847224,N/A,N/A
2024-04-17 10:17:39,No,N/A,60.83966954666666,N/A,N/A,61.24604797333334,N/A,N/A,67.81805165666667,N/A,N/A,65.85956573666665,N/A,N/A,62.16328811333333,N/A,N/A,61.84078725333333,N/A,N/A
2024-04-17 10:17:41,No,N/A,61.281649273333336,N/A,N/A,61.65538406333334,N/A,N/A,68.08615621,N/A,N/A,66.11492156999999,N/A,N/A,62.582088469999995,N/A,N/A,62.26631292,N/A,N/A
2024-04-17 10:17:42,No,N/A,61.70409520333334,N/A,N/A,62.06473795333333,N/A,N/A,68.34488423666667,N/A,N/A,66.38055928333334,N/A,N/A,62.98891067666667,N/A,N/A,62.661988576666666,N/A,N/A
2024-04-17 10:17:44,No,N/A,62.10604985333333,N/A,N/A,62.46680323333333,N/A,N/A,68.59593455,N/A,N/A,66.64088185666667,N/A,N/A,63.37303924333333,N/A,N/A,63.052579243333334,N/A,N/A
2024-04-17 10:17:46,No,N/A,62.50161743333334,N/A,N/A,62.860160826666664,N/A,N/A,68.85012817333333,N/A,N/A,66.90630086333333,N/A,N/A,63.73775355,N/A,N/A,63.415292103333336,N/A,N/A
2024-04-17 10:17:47,No,N/A,62.89614486666667,N/A,N/A,63.227675119999994,N/A,N/A,69.10197703,N/A,N/A,67.16072845333333,N/A,N/A,64.09658940666667,N/A,N/A,63.772866566666664,N/A,N/A
2024-04-17 10:17:49,No,N/A,63.27828979333333,N/A,N/A,63.563278200000006,N/A,N/A,69.34088134666666,N/A,N/A,67.40610249666666,N/A,N/A,64.45415497,N/A,N/A,64.12619272666667,N/A,N/A
2024-04-17 10:17:50,No,N/A,63.638718923333336,N/A,N/A,63.88526026333333,N/A,N/A,69.57126871666667,N/A,N/A,67.64398447666666,N/A,N/A,64.81079356,N/A,N/A,64.46744283,N/A,N/A
2024-04-17 10:17:52,No,N/A,63.9732577,N/A,N/A,64.19337463666666,N/A,N/A,69.79291534666667,N/A,N/A,67.87326304,N/A,N/A,65.15655008666666,N/A,N/A,64.79980214666666,N/A,N/A
2024-04-17 10:17:53,No,N/A,64.29669444,N/A,N/A,64.49903869666666,N/A,N/A,70.00731150333333,N/A,N/A,68.10883077000001,N/A,N/A,65.49089304666666,N/A,N/A,65.12535604,N/A,N/A
2024-04-17 10:17:55,No,N/A,64.60231018333333,N/A,N/A,64.81181589666666,N/A,N/A,70.20979817666667,N/A,N/A,68.34061940333333,N/A,N/A,65.80821482333333,N/A,N/A,65.45232645666667,N/A,N/A
2024-04-17 10:17:57,No,N/A,64.88775635,N/A,N/A,65.11299896333333,N/A,N/A,70.41685994333334,N/A,N/A,68.57557932666667,N/A,N/A,66.09843953333333,N/A,N/A,65.76614125666666,N/A,N/A
2024-04-17 10:17:58,No,N/A,65.17171987,N/A,N/A,65.38763428,N/A,N/A,70.62400055333332,N/A,N/A,68.80764770333333,N/A,N/A,66.37451935,N/A,N/A,66.06271107666667,N/A,N/A
2024-04-17 10:18:00,No,N/A,65.44893900666666,N/A,N/A,65.66170756,N/A,N/A,70.81479899,N/A,N/A,69.02866618,N/A,N/A,66.6461792,N/A,N/A,66.35829671333333,N/A,N/A
2024-04-17 10:18:01,No,N/A,65.72825114,N/A,N/A,65.97250112,N/A,N/A,71.01857757333333,N/A,N/A,69.27639770666667,N/A,N/A,66.93182118666667,N/A,N/A,66.65922800333334,N/A,N/A
2024-04-17 10:18:03,No,N/A,66.00480906333334,N/A,N/A,66.27641550333333,N/A,N/A,71.22352346000001,N/A,N/A,69.52711995333334,N/A,N/A,67.21087901,N/A,N/A,66.95353189999999,N/A,N/A
2024-04-17 10:18:04,No,N/A,66.27449798666667,N/A,N/A,66.57133484,N/A,N/A,71.42551676333333,N/A,N/A,69.7747701,N/A,N/A,67.48503621333333,N/A,N/A,67.23988850666667,N/A,N/A
2024-04-17 10:18:06,No,N/A,66.53783925666666,N/A,N/A,66.85823313333333,N/A,N/A,71.64072417999999,N/A,N/A,70.01723225666666,N/A,N/A,67.74942016666667,N/A,N/A,67.51957957,N/A,N/A
2024-04-17 10:18:08,No,N/A,66.79486592666667,N/A,N/A,67.12841034,N/A,N/A,71.84932708666666,N/A,N/A,70.25242106333333,N/A,N/A,68.00793456999999,N/A,N/A,67.78923289,N/A,N/A
2024-04-17 10:18:09,No,N/A,67.04536438,N/A,N/A,67.39107767666667,N/A,N/A,72.04422251333334,N/A,N/A,70.48007456333333,N/A,N/A,68.25906117666666,N/A,N/A,68.05273183000001,N/A,N/A
2024-04-17 10:18:11,No,N/A,67.28715514999999,N/A,N/A,67.63788096333333,N/A,N/A,72.23809814333335,N/A,N/A,70.71440887333334,N/A,N/A,68.49887339,N/A,N/A,68.30508931333334,N/A,N/A
2024-04-17 10:18:12,No,N/A,67.51545206666667,N/A,N/A,67.88358052666666,N/A,N/A,72.43475087666667,N/A,N/A,70.94512176333333,N/A,N/A,68.71901957,N/A,N/A,68.55601247333333,N/A,N/A
2024-04-17 10:18:14,No,N/A,67.73422241333333,N/A,N/A,68.13076019333334,N/A,N/A,72.63398743,N/A,N/A,71.18578338333333,N/A,N/A,68.92881520666667,N/A,N/A,68.80437724,N/A,N/A
2024-04-17 10:18:16,No,N/A,67.95342254666667,N/A,N/A,68.38083903,N/A,N/A,72.82398986999999,N/A,N/A,71.42356364,N/A,N/A,69.14612325,N/A,N/A,69.05374653999999,N/A,N/A
2024-04-17 10:18:17,No,N/A,68.17439778666666,N/A,N/A,68.61312103333333,N/A,N/A,73.00500742333332,N/A,N/A,71.65075937666666,N/A,N/A,69.36902872666667,N/A,N/A,69.29406229666667,N/A,N/A
2024-04-17 10:18:19,No,N/A,68.38292694,N/A,N/A,68.84431203333334,N/A,N/A,73.18244679666667,N/A,N/A,71.86769104333332,N/A,N/A,69.58457692333333,N/A,N/A,69.53495025666666,N/A,N/A
2024-04-17 10:18:20,No,N/A,68.59234619,N/A,N/A,69.07506561333334,N/A,N/A,73.35891978000001,N/A,N/A,72.07926940666665,N/A,N/A,69.79880523666667,N/A,N/A,69.77286783999999,N/A,N/A
2024-04-17 10:18:22,No,N/A,68.80500285,N/A,N/A,69.31638336333334,N/A,N/A,73.53458150333334,N/A,N/A,72.29174296000001,N/A,N/A,70.00921376333334,N/A,N/A,70.01019795333333,N/A,N/A
2024-04-17 10:18:23,No,N/A,69.00826263333333,N/A,N/A,69.53008779333334,N/A,N/A,73.69949086333334,N/A,N/A,72.49674479333333,N/A,N/A,70.20729827999999,N/A,N/A,70.23263549666666,N/A,N/A
2024-04-17 10:18:25,No,N/A,69.17623138666666,N/A,N/A,69.75070953333334,N/A,N/A,73.86099752000001,N/A,N/A,72.69312540666665,N/A,N/A,70.37629445666667,N/A,N/A,70.45140075666666,N/A,N/A
2024-04-17 10:18:27,No,N/A,69.35459137333334,N/A,N/A,69.95958709666668,N/A,N/A,74.0228068,N/A,N/A,72.86845143666666,N/A,N/A,70.55146280666666,N/A,N/A,70.66060384333333,N/A,N/A
2024-04-17 10:18:28,No,N/A,69.54589843666666,N/A,N/A,70.14630381333333,N/A,N/A,74.17503611000001,N/A,N/A,73.0557429,N/A,N/A,70.71000162666667,N/A,N/A,70.87108866333334,N/A,N/A
2024-04-17 10:18:30,No,N/A,69.71373494666666,N/A,N/A,70.34068552666666,N/A,N/A,74.36297607333333,N/A,N/A,73.27066803,N/A,N/A,70.85561879333333,N/A,N/A,71.08481597666666,N/A,N/A
2024-04-17 10:18:31,No,N/A,69.88760630333333,N/A,N/A,70.53940836333334,N/A,N/A,74.54951477333333,N/A,N/A,73.47645568666667,N/A,N/A,71.01026408,N/A,N/A,71.29633839666667,N/A,N/A
2024-04-17 10:18:33,No,N/A,70.06765238333334,N/A,N/A,70.73669688,N/A,N/A,74.72130584666667,N/A,N/A,73.69063313666668,N/A,N/A,71.16806284666667,N/A,N/A,71.50192769333333,N/A,N/A
2024-04-17 10:18:34,No,N/A,70.26087697333332,N/A,N/A,70.92660776999999,N/A,N/A,74.89751434666667,N/A,N/A,73.89633687333334,N/A,N/A,71.33373515,N/A,N/A,71.70562235666667,N/A,N/A
2024-04-17 10:18:36,No,N/A,70.45352935666666,N/A,N/A,71.10927327333333,N/A,N/A,75.06711069666666,N/A,N/A,74.09053548333333,N/A,N/A,71.48421986999999,N/A,N/A,71.90591176333334,N/A,N/A
2024-04-17 10:18:38,No,N/A,70.63331858333333,N/A,N/A,71.28703562333334,N/A,N/A,75.22237650666666,N/A,N/A,74.28389231333334,N/A,N/A,71.65829213333335,N/A,N/A,72.10127258333334,N/A,N/A
2024-04-17 10:18:39,No,N/A,70.80047098666667,N/A,N/A,71.47292836333334,N/A,N/A,75.39561462333334,N/A,N/A,74.46816253666667,N/A,N/A,71.83243306333334,N/A,N/A,72.29981486000001,N/A,N/A
2024-04-17 10:18:41,No,N/A,70.96788787666667,N/A,N/A,71.68085988333333,N/A,N/A,75.57258097333333,N/A,N/A,74.65264892666666,N/A,N/A,71.99544016333333,N/A,N/A,72.50995890333333,N/A,N/A
2024-04-17 10:18:42,No,N/A,71.12886810333333,N/A,N/A,71.88867696,N/A,N/A,75.73802185,N/A,N/A,74.84694926,N/A,N/A,72.15947977666666,N/A,N/A,72.71651967333334,N/A,N/A
2024-04-17 10:18:44,No,N/A,71.29322051999999,N/A,N/A,72.08640543666667,N/A,N/A,75.89088948666667,N/A,N/A,75.04917907666666,N/A,N/A,72.32843526333333,N/A,N/A,72.91653187666667,N/A,N/A
2024-04-17 10:18:45,No,N/A,71.46189625999999,N/A,N/A,72.27516683,N/A,N/A,76.03685252,N/A,N/A,75.24613189666667,N/A,N/A,72.50096639,N/A,N/A,73.11502075333333,N/A,N/A
2024-04-17 10:18:47,No,N/A,71.62860107666667,N/A,N/A,72.47025807666667,N/A,N/A,76.16975403,N/A,N/A,75.42450714,N/A,N/A,72.67441813,N/A,N/A,73.31327057,N/A,N/A
2024-04-17 10:18:49,No,N/A,71.79406738333334,N/A,N/A,72.66612498,N/A,N/A,76.29904938,N/A,N/A,75.59410858333332,N/A,N/A,72.83897653999999,N/A,N/A,73.50825754666667,N/A,N/A
2024-04-17 10:18:50,No,N/A,71.95345815,N/A,N/A,72.85359192,N/A,N/A,76.43439483666667,N/A,N/A,75.76486714666667,N/A,N/A,73.00062561,N/A,N/A,73.69932301666667,N/A,N/A
2024-04-17 10:18:52,No,N/A,72.11677297,N/A,N/A,73.03780365,N/A,N/A,76.56433868666667,N/A,N/A,75.92952982666667,N/A,N/A,73.17914835666666,N/A,N/A,73.89032999666667,N/A,N/A
2024-04-17 10:18:53,No,N/A,72.28390248666666,N/A,N/A,73.23309071999999,N/A,N/A,76.68542735,N/A,N/A,76.08580525666667,N/A,N/A,73.38078308,N/A,N/A,74.07913716666667,N/A,N/A
2024-04-17 10:18:55,No,N/A,72.46069335666665,N/A,N/A,73.43419392999999,N/A,N/A,76.81069183333334,N/A,N/A,76.25443776333333,N/A,N/A,73.58366902666667,N/A,N/A,74.26339721666666,N/A,N/A
2024-04-17 10:18:56,No,N/A,72.63790639,N/A,N/A,73.6243693,N/A,N/A,76.95249684333332,N/A,N/A,76.43219248333332,N/A,N/A,73.76969146666666,N/A,N/A,74.43568674666666,N/A,N/A
2024-04-17 10:18:58,No,N/A,72.80003357,N/A,N/A,73.81526184333333,N/A,N/A,77.09291839666668,N/A,N/A,76.59799448666666,N/A,N/A,73.94096883,N/A,N/A,74.61256917666667,N/A,N/A
2024-04-17 10:19:00,No,N/A,72.95901489333335,N/A,N/A,73.99889882333333,N/A,N/A,77.22927348,N/A,N/A,76.77858225666667,N/A,N/A,74.1007665,N/A,N/A,74.79529571333332,N/A,N/A
2024-04-17 10:19:01,No,N/A,73.11443583333333,N/A,N/A,74.18643188333333,N/A,N/A,77.36661783666666,N/A,N/A,76.98109182,N/A,N/A,74.26499684666668,N/A,N/A,74.98179626666666,N/A,N/A
2024-04-17 10:19:03,No,N/A,73.27184041333334,N/A,N/A,74.38464864000001,N/A,N/A,77.51473236,N/A,N/A,77.18490854666666,N/A,N/A,74.41775512666668,N/A,N/A,75.16553497333332,N/A,N/A
2024-04-17 10:19:04,No,N/A,73.43015797999999,N/A,N/A,74.57073211666666,N/A,N/A,77.65976969666666,N/A,N/A,77.37838744999999,N/A,N/A,74.57463836666666,N/A,N/A,75.34202067,N/A,N/A
2024-04-17 10:19:06,No,N/A,73.58695983666667,N/A,N/A,74.76271820333334,N/A,N/A,77.80169932000001,N/A,N/A,77.56025441666667,N/A,N/A,74.73304748666668,N/A,N/A,75.52273305333334,N/A,N/A
2024-04-17 10:19:07,No,N/A,73.74512736,N/A,N/A,74.94373067333333,N/A,N/A,77.93894449999999,N/A,N/A,77.73917134666668,N/A,N/A,74.89202372,N/A,N/A,75.69606781,N/A,N/A
2024-04-17 10:19:09,No,N/A,73.89434051666667,N/A,N/A,75.11137136,N/A,N/A,78.07734171333333,N/A,N/A,77.90663909999999,N/A,N/A,75.04603068,N/A,N/A,75.86423492333334,N/A,N/A
2024-04-17 10:19:11,No,N/A,74.04627228,N/A,N/A,75.27683766666667,N/A,N/A,78.20594787666666,N/A,N/A,78.06094360666667,N/A,N/A,75.20081583666666,N/A,N/A,76.03179677333334,N/A,N/A
2024-04-17 10:19:12,No,N/A,74.20254516666667,N/A,N/A,75.44080861333333,N/A,N/A,78.33296203666667,N/A,N/A,78.22629801333333,N/A,N/A,75.34956614333333,N/A,N/A,76.20051574666667,N/A,N/A
2024-04-17 10:19:14,No,N/A,74.35388183666667,N/A,N/A,75.60757192,N/A,N/A,78.47554779,N/A,N/A,78.40615081666668,N/A,N/A,75.48394266666666,N/A,N/A,76.36296081333334,N/A,N/A
2024-04-17 10:19:15,No,N/A,74.50334676333334,N/A,N/A,75.75621287,N/A,N/A,78.62058003666668,N/A,N/A,78.56280771666667,N/A,N/A,75.62661997333333,N/A,N/A,76.52320607666667,N/A,N/A
2024-04-17 10:19:17,No,N/A,74.64911397333334,N/A,N/A,75.91475423333333,N/A,N/A,78.75846354,N/A,N/A,78.71693674666666,N/A,N/A,75.77052815666666,N/A,N/A,76.69117991,N/A,N/A
2024-04-17 10:19:18,No,N/A,74.78453826666667,N/A,N/A,76.07676442666667,N/A,N/A,78.89218648333333,N/A,N/A,78.87442016666667,N/A,N/A,75.91330210333335,N/A,N/A,76.85642496333334,N/A,N/A
2024-04-17 10:19:20,No,N/A,74.91824086333332,N/A,N/A,76.23853810666667,N/A,N/A,79.01135508333334,N/A,N/A,79.02909597000001,N/A,N/A,76.05699921,N/A,N/A,77.0211792,N/A,N/A
2024-04-17 10:19:22,No,N/A,75.04791514,N/A,N/A,76.39867655333333,N/A,N/A,79.1317571,N/A,N/A,79.18853505333333,N/A,N/A,76.20012156333333,N/A,N/A,77.18398539,N/A,N/A
2024-04-17 10:19:23,No,N/A,75.17675272666666,N/A,N/A,76.57152303333334,N/A,N/A,79.25547790333333,N/A,N/A,79.34545644,N/A,N/A,76.33571879,N/A,N/A,77.35372670666666,N/A,N/A
2024-04-17 10:19:25,No,N/A,75.30814615999999,N/A,N/A,76.74661509333333,N/A,N/A,79.38084411666667,N/A,N/A,79.50345611666665,N/A,N/A,76.46605174,N/A,N/A,77.52164967666666,N/A,N/A
2024-04-17 10:19:26,No,N/A,75.44066620000001,N/A,N/A,76.90812937666666,N/A,N/A,79.50419108333334,N/A,N/A,79.66709391333333,N/A,N/A,76.59747060333332,N/A,N/A,77.67943573,N/A,N/A
2024-04-17 10:19:28,No,N/A,75.57033538666667,N/A,N/A,77.05516052333333,N/A,N/A,79.62235514,N/A,N/A,79.81899007333334,N/A,N/A,76.73047638333334,N/A,N/A,77.83309173666667,N/A,N/A
2024-04-17 10:19:30,No,N/A,75.69551341,N/A,N/A,77.20066070333333,N/A,N/A,79.74365234666666,N/A,N/A,79.96225484333333,N/A,N/A,76.85571289,N/A,N/A,77.98460896666667,N/A,N/A
2024-04-17 10:19:31,No,N/A,75.81309255000001,N/A,N/A,77.34235890999999,N/A,N/A,79.86781565333332,N/A,N/A,80.10981750333333,N/A,N/A,76.97085825666666,N/A,N/A,78.13053385333332,N/A,N/A
2024-04-17 10:19:33,No,N/A,75.93305969,N/A,N/A,77.47525787333333,N/A,N/A,79.99780273666666,N/A,N/A,80.25491841666667,N/A,N/A,77.08213551666667,N/A,N/A,78.27557627333333,N/A,N/A
2024-04-17 10:19:34,No,N/A,76.05943552666666,N/A,N/A,77.63377126333334,N/A,N/A,80.12280273666666,N/A,N/A,80.40518188333333,N/A,N/A,77.20623016333333,N/A,N/A,78.43068694666668,N/A,N/A
2024-04-17 10:19:36,No,N/A,76.19587198666666,N/A,N/A,77.80832418,N/A,N/A,80.25116984,N/A,N/A,80.56862385999999,N/A,N/A,77.33624776333335,N/A,N/A,78.58609517666667,N/A,N/A
2024-04-17 10:19:37,No,N/A,76.3278656,N/A,N/A,77.96610514333334,N/A,N/A,80.36517842666667,N/A,N/A,80.71543884333333,N/A,N/A,77.47148132333334,N/A,N/A,78.73428599,N/A,N/A
2024-04-17 10:19:39,No,N/A,76.46286773666667,N/A,N/A,78.13161468666668,N/A,N/A,80.46764119333334,N/A,N/A,80.85458628333333,N/A,N/A,77.6094106,N/A,N/A,78.88885752333334,N/A,N/A
2024-04-17 10:19:41,No,N/A,76.59263102333333,N/A,N/A,78.28232065666667,N/A,N/A,80.56231181,N/A,N/A,80.98710632,N/A,N/A,77.74031830000001,N/A,N/A,79.03697459,N/A,N/A
2024-04-17 10:19:42,No,N/A,76.72028605333333,N/A,N/A,78.439888,N/A,N/A,80.66023254333334,N/A,N/A,81.12091573,N/A,N/A,77.86731974333333,N/A,N/A,79.18905639999998,N/A,N/A
2024-04-17 10:19:44,No,N/A,76.85115305666666,N/A,N/A,78.59080251,N/A,N/A,80.76563262999998,N/A,N/A,81.26297505666666,N/A,N/A,77.99222564666665,N/A,N/A,79.33386484666666,N/A,N/A
2024-04-17 10:19:45,No,N/A,76.97421264666666,N/A,N/A,78.71831512666667,N/A,N/A,80.87602996999999,N/A,N/A,81.39672343,N/A,N/A,78.11116282333333,N/A,N/A,79.47243499666666,N/A,N/A
2024-04-17 10:19:47,No,N/A,77.09033457333332,N/A,N/A,78.85348256000002,N/A,N/A,81.00025431333334,N/A,N/A,81.53293609666666,N/A,N/A,78.22912088999999,N/A,N/A,79.61612446999999,N/A,N/A
2024-04-17 10:19:48,No,N/A,77.2112147,N/A,N/A,79.02025604333333,N/A,N/A,81.13452402666667,N/A,N/A,81.67546081666666,N/A,N/A,78.35194142666667,N/A,N/A,79.76492564,N/A,N/A
2024-04-17 10:19:50,No,N/A,77.34365081666665,N/A,N/A,79.17459106333332,N/A,N/A,81.25193786666667,N/A,N/A,81.81505076,N/A,N/A,78.47911580333333,N/A,N/A,79.91046651333333,N/A,N/A
2024-04-17 10:19:52,No,N/A,77.47574107,N/A,N/A,79.32839457,N/A,N/A,81.38668314666667,N/A,N/A,81.95854949666666,N/A,N/A,78.61104838,N/A,N/A,80.05295563,N/A,N/A
2024-04-17 10:19:53,No,N/A,77.60407256999999,N/A,N/A,79.50022125,N/A,N/A,81.51915740999999,N/A,N/A,82.09666188333334,N/A,N/A,78.73972574666666,N/A,N/A,80.21047465333334,N/A,N/A
2024-04-17 10:19:55,No,N/A,77.73503113,N/A,N/A,79.67608642666666,N/A,N/A,81.65670522333333,N/A,N/A,82.24549357333332,N/A,N/A,78.86566925,N/A,N/A,80.35731252000001,N/A,N/A
2024-04-17 10:19:56,No,N/A,77.85577646666665,N/A,N/A,79.84391530333333,N/A,N/A,81.78555043333334,N/A,N/A,82.39766693,N/A,N/A,78.98417409333334,N/A,N/A,80.49524434333334,N/A,N/A
2024-04-17 10:19:58,No,N/A,77.97534688333333,N/A,N/A,80.00743357333333,N/A,N/A,81.90763346333333,N/A,N/A,82.54524993666666,N/A,N/A,79.10184224333334,N/A,N/A,80.63254038666666,N/A,N/A
2024-04-17 10:19:59,No,N/A,78.08911132666667,N/A,N/A,80.14890035,N/A,N/A,82.02694701999998,N/A,N/A,82.68120320333333,N/A,N/A,79.21668243333335,N/A,N/A,80.76032257,N/A,N/A
2024-04-17 10:20:01,No,N/A,78.21242014333335,N/A,N/A,80.28602345666667,N/A,N/A,82.13357544333333,N/A,N/A,82.81321716333333,N/A,N/A,79.33918508,N/A,N/A,80.89400482,N/A,N/A
2024-04-17 10:20:03,No,N/A,78.32686614666666,N/A,N/A,80.40048726333333,N/A,N/A,82.22795613666666,N/A,N/A,82.92117309333332,N/A,N/A,79.44385783,N/A,N/A,81.01758321333334,N/A,N/A
2024-04-17 10:20:04,No,N/A,78.41418965666666,N/A,N/A,80.53344472333333,N/A,N/A,82.29962158333333,N/A,N/A,83.00519561666667,N/A,N/A,79.52494303333333,N/A,N/A,81.14647674666666,N/A,N/A
2024-04-17 10:20:06,No,N/A,78.50916799,N/A,N/A,80.66627248333333,N/A,N/A,82.39769236333332,N/A,N/A,83.12102763,N/A,N/A,79.62594858666667,N/A,N/A,81.26865895666667,N/A,N/A
2024-04-17 10:20:07,No,N/A,78.61641693,N/A,N/A,80.76765951,N/A,N/A,82.49538675999999,N/A,N/A,83.24912008,N/A,N/A,79.72722371666667,N/A,N/A,81.37497710999999,N/A,N/A
2024-04-17 10:20:09,No,N/A,78.72646840333333,N/A,N/A,80.87289937333333,N/A,N/A,82.60872141333334,N/A,N/A,83.38986715,N/A,N/A,79.84631093333333,N/A,N/A,81.48330688333334,N/A,N/A
2024-04-17 10:20:10,No,N/A,78.82799021666666,N/A,N/A,80.99101257333334,N/A,N/A,82.72162119333333,N/A,N/A,83.53041076666666,N/A,N/A,79.95524343000001,N/A,N/A,81.60031128,N/A,N/A
2024-04-17 10:20:12,No,N/A,78.93256123666667,N/A,N/A,81.11225636666667,N/A,N/A,82.81189728,N/A,N/A,83.64814503999999,N/A,N/A,80.05906422666666,N/A,N/A,81.72714996333333,N/A,N/A
2024-04-17 10:20:14,No,N/A,79.02972920666667,N/A,N/A,81.21261342333334,N/A,N/A,82.91447957666666,N/A,N/A,83.76725514666667,N/A,N/A,80.15492248333334,N/A,N/A,81.84802246,N/A,N/A
2024-04-17 10:20:15,No,N/A,79.11087545,N/A,N/A,81.2971522,N/A,N/A,83.03483073,N/A,N/A,83.87552897,N/A,N/A,80.23787435000001,N/A,N/A,81.96376037666667,N/A,N/A
2024-04-17 10:20:17,No,N/A,79.21014404,N/A,N/A,81.38931528666667,N/A,N/A,83.15568796666666,N/A,N/A,83.99089813333335,N/A,N/A,80.33224233,N/A,N/A,82.0745341,N/A,N/A
2024-04-17 10:20:18,No,N/A,79.30788675666666,N/A,N/A,81.48348490333333,N/A,N/A,83.27406819666666,N/A,N/A,84.08918762333333,N/A,N/A,80.42237091,N/A,N/A,82.18529765000001,N/A,N/A
2024-04-17 10:20:20,No,N/A,79.39997864000001,N/A,N/A,81.57176971333332,N/A,N/A,83.36628214333334,N/A,N/A,84.18606567333335,N/A,N/A,80.51552073333333,N/A,N/A,82.29959869333334,N/A,N/A
2024-04-17 10:20:22,No,N/A,79.47970326666666,N/A,N/A,81.66664123333334,N/A,N/A,83.44821675666667,N/A,N/A,84.28003947,N/A,N/A,80.60555776,N/A,N/A,82.41178639666667,N/A,N/A
2024-04-17 10:20:23,No,N/A,79.55674743666667,N/A,N/A,81.77582041333334,N/A,N/A,83.54492696,N/A,N/A,84.39213562333333,N/A,N/A,80.68520609666668,N/A,N/A,82.53047434333332,N/A,N/A
2024-04-17 10:20:25,No,N/A,79.63730367,N/A,N/A,81.89320119333333,N/A,N/A,83.65166219000001,N/A,N/A,84.51758575333332,N/A,N/A,80.75667063333333,N/A,N/A,82.64692942333333,N/A,N/A
2024-04-17 10:20:26,No,N/A,79.70818329000001,N/A,N/A,82.01605733333334,N/A,N/A,83.76289368,N/A,N/A,84.64869181333334,N/A,N/A,80.80549875999999,N/A,N/A,82.76224518000001,N/A,N/A
2024-04-17 10:20:28,No,N/A,79.79211679999999,N/A,N/A,82.15146891333335,N/A,N/A,83.87611897666666,N/A,N/A,84.77586873333333,N/A,N/A,80.85382334333333,N/A,N/A,82.87714131666667,N/A,N/A
2024-04-17 10:20:29,No,N/A,79.90420786666667,N/A,N/A,82.31106059000001,N/A,N/A,83.98916880333333,N/A,N/A,84.91331482,N/A,N/A,80.92588806333333,N/A,N/A,82.98650106000001,N/A,N/A
2024-04-17 10:20:31,No,N/A,80.01755777666666,N/A,N/A,82.46932983333333,N/A,N/A,84.08601125,N/A,N/A,85.03746032666668,N/A,N/A,81.03873443666667,N/A,N/A,83.10823567666667,N/A,N/A
2024-04-17 10:20:33,No,N/A,80.12070719333333,N/A,N/A,82.62330118666667,N/A,N/A,84.18309275333333,N/A,N/A,85.15565744999999,N/A,N/A,81.15375010333334,N/A,N/A,83.23132578333333,N/A,N/A
2024-04-17 10:20:34,No,N/A,80.18039957666667,N/A,N/A,82.73912302666666,N/A,N/A,84.25725555333334,N/A,N/A,85.24360148000001,N/A,N/A,81.23230743666666,N/A,N/A,83.33967081666667,N/A,N/A
2024-04-17 10:20:36,No,N/A,80.22991434666666,N/A,N/A,82.79275767,N/A,N/A,84.30848439666666,N/A,N/A,85.32535553000001,N/A,N/A,81.30660247666667,N/A,N/A,83.43854777333333,N/A,N/A
2024-04-17 10:20:37,No,N/A,80.29321797666667,N/A,N/A,82.86889139666665,N/A,N/A,84.39082082333333,N/A,N/A,85.43058268,N/A,N/A,81.39305369,N/A,N/A,83.54791768666666,N/A,N/A
2024-04-17 10:20:39,No,N/A,80.35067240333332,N/A,N/A,82.94667053,N/A,N/A,84.45453898333334,N/A,N/A,85.50521087999999,N/A,N/A,81.46864064333333,N/A,N/A,83.64317067666667,N/A,N/A
2024-04-17 10:20:40,No,N/A,80.39299519666667,N/A,N/A,83.00642903666666,N/A,N/A,84.50894673666666,N/A,N/A,85.56336720666667,N/A,N/A,81.54091644,N/A,N/A,83.73627980666666,N/A,N/A
2024-04-17 10:20:42,No,N/A,80.44105784,N/A,N/A,83.08411661999999,N/A,N/A,84.56373850666667,N/A,N/A,85.65736389,N/A,N/A,81.60998026333334,N/A,N/A,83.81707509333333,N/A,N/A
2024-04-17 10:20:44,No,N/A,80.47423808,N/A,N/A,83.17832692333333,N/A,N/A,84.65188090333334,N/A,N/A,85.76645660333334,N/A,N/A,81.67122141666667,N/A,N/A,83.89801279666666,N/A,N/A
2024-04-17 10:20:45,No,N/A,80.53902689666667,N/A,N/A,83.25585174333334,N/A,N/A,84.73982238666667,N/A,N/A,85.84541320666666,N/A,N/A,81.73366292333333,N/A,N/A,83.99697367333333,N/A,N/A
2024-04-17 10:20:47,No,N/A,80.57080586666666,N/A,N/A,83.34324391666667,N/A,N/A,84.79601288,N/A,N/A,85.92690276999998,N/A,N/A,81.76966349333333,N/A,N/A,84.06881713666667,N/A,N/A
2024-04-17 10:20:48,No,N/A,80.60395558666666,N/A,N/A,83.42861684333333,N/A,N/A,84.87497711000002,N/A,N/A,86.00382995666666,N/A,N/A,81.82915751333333,N/A,N/A,84.16299184,N/A,N/A
2024-04-17 10:20:50,No,N/A,80.69351450666666,N/A,N/A,83.52959442333332,N/A,N/A,84.96402231999998,N/A,N/A,86.09247080333334,N/A,N/A,81.91599273666667,N/A,N/A,84.25026448333334,N/A,N/A
2024-04-17 10:20:51,No,N/A,80.79838816333334,N/A,N/A,83.63133494,N/A,N/A,85.04935963999999,N/A,N/A,86.19298045,N/A,N/A,82.01087188666666,N/A,N/A,84.32935078999999,N/A,N/A
2024-04-17 10:20:53,No,N/A,80.90113576333333,N/A,N/A,83.72832234666667,N/A,N/A,85.14997355333334,N/A,N/A,86.31578572666668,N/A,N/A,82.11783854333333,N/A,N/A,84.41927592,N/A,N/A
2024-04-17 10:20:55,No,N/A,81.00626118999999,N/A,N/A,83.83061472666667,N/A,N/A,85.25408681333333,N/A,N/A,86.41989390333333,N/A,N/A,82.22450764666667,N/A,N/A,84.52541351333333,N/A,N/A
2024-04-17 10:20:56,No,N/A,81.10798899000001,N/A,N/A,83.91251373333334,N/A,N/A,85.34841156,N/A,N/A,86.50737508333333,N/A,N/A,82.32365162999999,N/A,N/A,84.63049570666668,N/A,N/A
2024-04-17 10:20:58,No,N/A,81.21156565333332,N/A,N/A,84.00156911,N/A,N/A,85.43618774,N/A,N/A,86.60298157,N/A,N/A,82.42899068333332,N/A,N/A,84.73431905333334,N/A,N/A
2024-04-17 10:20:59,No,N/A,81.31520080333333,N/A,N/A,84.07436116666666,N/A,N/A,85.52718607333333,N/A,N/A,86.69220733666667,N/A,N/A,82.53569285333333,N/A,N/A,84.81424459,N/A,N/A
2024-04-17 10:21:01,No,N/A,81.40803273333334,N/A,N/A,84.07374572666667,N/A,N/A,85.60312906999998,N/A,N/A,86.74613189666667,N/A,N/A,82.59357452333334,N/A,N/A,84.85813903666666,N/A,N/A
2024-04-17 10:21:02,No,N/A,81.43438466333335,N/A,N/A,84.07652791333334,N/A,N/A,85.65581766999999,N/A,N/A,86.80186970666666,N/A,N/A,82.63007609,N/A,N/A,84.91525014333334,N/A,N/A
2024-04-17 10:21:04,No,N/A,81.49801381333333,N/A,N/A,84.11150360333333,N/A,N/A,85.71302286666668,N/A,N/A,86.87391154,N/A,N/A,82.69120788333333,N/A,N/A,84.98986562,N/A,N/A
2024-04-17 10:21:06,No,N/A,81.55916341,N/A,N/A,84.16934458666667,N/A,N/A,85.76235453,N/A,N/A,86.93862152333332,N/A,N/A,82.74644215666667,N/A,N/A,85.09030151666667,N/A,N/A
2024-04-17 10:21:07,No,N/A,81.64577229999999,N/A,N/A,84.28029124,N/A,N/A,85.83335876333332,N/A,N/A,87.01769765,N/A,N/A,82.84741210666665,N/A,N/A,85.20178731,N/A,N/A
2024-04-17 10:21:09,No,N/A,81.74313863333333,N/A,N/A,84.39098358333332,N/A,N/A,85.91278330333334,N/A,N/A,87.11625925666665,N/A,N/A,82.94791158,N/A,N/A,85.31151072333334,N/A,N/A
2024-04-17 10:21:10,No,N/A,81.82406616333334,N/A,N/A,84.49625905333333,N/A,N/A,85.98126221,N/A,N/A,87.19858551,N/A,N/A,83.03100331666667,N/A,N/A,85.41790008666668,N/A,N/A
2024-04-17 10:21:12,No,N/A,81.90391286333333,N/A,N/A,84.59054311333334,N/A,N/A,86.05820465,N/A,N/A,87.28634643333334,N/A,N/A,83.12612915,N/A,N/A,85.51825205666667,N/A,N/A
2024-04-17 10:21:13,No,N/A,81.98806508333332,N/A,N/A,84.68612416333333,N/A,N/A,86.14289856,N/A,N/A,87.37861378999999,N/A,N/A,83.21868642,N/A,N/A,85.61356099333334,N/A,N/A
2024-04-17 10:21:15,No,N/A,82.07705942666666,N/A,N/A,84.76511892,N/A,N/A,86.22514851666666,N/A,N/A,87.46168009333333,N/A,N/A,83.30553181666666,N/A,N/A,85.70268249666667,N/A,N/A
2024-04-17 10:21:17,No,N/A,82.16392262666666,N/A,N/A,84.86412302666668,N/A,N/A,86.29822794333334,N/A,N/A,87.546875,N/A,N/A,83.39732360666666,N/A,N/A,85.80053201999999,N/A,N/A
2024-04-17 10:21:18,No,N/A,82.27002207666668,N/A,N/A,84.95347086666668,N/A,N/A,86.39202372333334,N/A,N/A,87.63607024999999,N/A,N/A,83.48489125666667,N/A,N/A,85.88383484333333,N/A,N/A
2024-04-17 10:21:20,No,N/A,82.37585449000001,N/A,N/A,85.06464894666668,N/A,N/A,86.46098836,N/A,N/A,87.72594706333332,N/A,N/A,83.57551320333333,N/A,N/A,85.98014831333334,N/A,N/A
2024-04-17 10:21:21,No,N/A,82.46374511666666,N/A,N/A,85.15408071,N/A,N/A,86.53037262,N/A,N/A,87.80165863333333,N/A,N/A,83.65603129333334,N/A,N/A,86.06845855666666,N/A,N/A
2024-04-17 10:21:23,No,N/A,82.55577850333333,N/A,N/A,85.28885905,N/A,N/A,86.58719889333334,N/A,N/A,87.86245219,N/A,N/A,83.740743,N/A,N/A,86.17171987,N/A,N/A
2024-04-17 10:21:24,No,N/A,82.65436554,N/A,N/A,85.39011637666665,N/A,N/A,86.64811452333333,N/A,N/A,87.94529215666667,N/A,N/A,83.83104705999999,N/A,N/A,86.25557708666666,N/A,N/A
2024-04-17 10:21:26,No,N/A,82.74934641666665,N/A,N/A,85.50709279333334,N/A,N/A,86.72896066999999,N/A,N/A,88.02585856333333,N/A,N/A,83.92297109,N/A,N/A,86.3553772,N/A,N/A
2024-04-17 10:21:28,No,N/A,82.83787027999999,N/A,N/A,85.60345458666666,N/A,N/A,86.79609426,N/A,N/A,88.10555267333332,N/A,N/A,84.00637054333335,N/A,N/A,86.43863932333333,N/A,N/A
2024-04-17 10:21:29,No,N/A,82.88359578,N/A,N/A,85.65677643,N/A,N/A,86.85016377666666,N/A,N/A,88.15722402000002,N/A,N/A,84.05318959666666,N/A,N/A,86.50891876333334,N/A,N/A
2024-04-17 10:21:31,No,N/A,82.89405822666667,N/A,N/A,85.72120921,N/A,N/A,86.90219370333334,N/A,N/A,88.19940694333333,N/A,N/A,84.04463958666666,N/A,N/A,86.56853739333333,N/A,N/A
2024-04-17 10:21:32,No,N/A,82.87401072,N/A,N/A,85.81526438333333,N/A,N/A,86.92896016666667,N/A,N/A,88.23230235,N/A,N/A,84.02568308666666,N/A,N/A,86.63515726666667,N/A,N/A
2024-04-17 10:21:34,No,N/A,82.88955179999999,N/A,N/A,85.87729136333333,N/A,N/A,86.96656290666665,N/A,N/A,88.29447682333334,N/A,N/A,84.05669403,N/A,N/A,86.71024068000001,N/A,N/A
2024-04-17 10:21:35,No,N/A,82.94542439666667,N/A,N/A,85.95023600333333,N/A,N/A,87.03528849333333,N/A,N/A,88.39074452666667,N/A,N/A,84.12792714666666,N/A,N/A,86.79523976666667,N/A,N/A
2024-04-17 10:21:37,No,N/A,83.01056416666667,N/A,N/A,86.01180013,N/A,N/A,87.14570617666668,N/A,N/A,88.49125162666667,N/A,N/A,84.16807810333334,N/A,N/A,86.86804453333333,N/A,N/A
2024-04-17 10:21:39,No,N/A,83.07037862333334,N/A,N/A,86.06208292666668,N/A,N/A,87.26983896666667,N/A,N/A,88.59384918,N/A,N/A,84.20955912333334,N/A,N/A,86.94016774666666,N/A,N/A
2024-04-17 10:21:40,No,N/A,83.13305155333333,N/A,N/A,86.13066101,N/A,N/A,87.37076568333333,N/A,N/A,88.69423166666665,N/A,N/A,84.25870768333333,N/A,N/A,87.01427714333333,N/A,N/A
2024-04-17 10:21:42,No,N/A,83.19767507,N/A,N/A,86.17613474333332,N/A,N/A,87.43214416666666,N/A,N/A,88.76146444,N/A,N/A,84.31402842,N/A,N/A,87.07789866,N/A,N/A
2024-04-17 10:21:43,No,N/A,83.25179036666667,N/A,N/A,86.21954091333333,N/A,N/A,87.45512135666667,N/A,N/A,88.8132782,N/A,N/A,84.36195882333332,N/A,N/A,87.14022827333334,N/A,N/A
2024-04-17 10:21:45,No,N/A,83.27822622000001,N/A,N/A,86.26534779666667,N/A,N/A,87.48645273666666,N/A,N/A,88.87444813999998,N/A,N/A,84.39225514666667,N/A,N/A,87.21206665,N/A,N/A
2024-04-17 10:21:47,No,N/A,83.33345031666667,N/A,N/A,86.33378601,N/A,N/A,87.53025563666667,N/A,N/A,88.95353952999999,N/A,N/A,84.44646708333333,N/A,N/A,87.28070068333334,N/A,N/A
2024-04-17 10:21:48,No,N/A,83.43532562333333,N/A,N/A,86.42577616333334,N/A,N/A,87.59599304,N/A,N/A,89.05110168333333,N/A,N/A,84.56400553333333,N/A,N/A,87.34961446,N/A,N/A
2024-04-17 10:21:50,No,N/A,83.55149078333334,N/A,N/A,86.54595947333333,N/A,N/A,87.69745890666667,N/A,N/A,89.16260019666667,N/A,N/A,84.68120829333334,N/A,N/A,87.42522938999998,N/A,N/A
2024-04-17 10:21:51,No,N/A,83.66003417999998,N/A,N/A,86.68051147333334,N/A,N/A,87.79094441666666,N/A,N/A,89.27161407333334,N/A,N/A,84.79711405333335,N/A,N/A,87.50281016000001,N/A,N/A
2024-04-17 10:21:53,No,N/A,83.75929514333332,N/A,N/A,86.79109700666667,N/A,N/A,87.87695058333333,N/A,N/A,89.37513732999999,N/A,N/A,84.87746175333334,N/A,N/A,87.57964579333333,N/A,N/A
2024-04-17 10:21:54,No,N/A,83.82660420666666,N/A,N/A,86.90127055,N/A,N/A,87.95645650333331,N/A,N/A,89.45132700666666,N/A,N/A,84.93362426666667,N/A,N/A,87.66764068333333,N/A,N/A
2024-04-17 10:21:56,No,N/A,83.85420735999999,N/A,N/A,86.94828542333335,N/A,N/A,87.99731699666665,N/A,N/A,89.48113759333334,N/A,N/A,84.99254608333332,N/A,N/A,87.73394266666668,N/A,N/A
2024-04-17 10:21:58,No,N/A,83.89340972666666,N/A,N/A,86.97397104666668,N/A,N/A,88.07113901999999,N/A,N/A,89.52498626666666,N/A,N/A,85.03366597666667,N/A,N/A,87.79431915000002,N/A,N/A
2024-04-17 10:21:59,No,N/A,83.93657175666668,N/A,N/A,87.02854665000001,N/A,N/A,88.12269337999999,N/A,N/A,89.57290395,N/A,N/A,85.05883788999999,N/A,N/A,87.86742401,N/A,N/A
2024-04-17 10:22:01,No,N/A,83.96634673999999,N/A,N/A,87.07891591333333,N/A,N/A,88.17926279666666,N/A,N/A,89.63407135333334,N/A,N/A,85.09443918999999,N/A,N/A,87.92263539333334,N/A,N/A
2024-04-17 10:22:02,No,N/A,83.98615010666667,N/A,N/A,87.11128235000001,N/A,N/A,88.24418386,N/A,N/A,89.67213185666667,N/A,N/A,85.11447906666668,N/A,N/A,87.96940358666666,N/A,N/A
2024-04-17 10:22:04,No,N/A,84.01393127666667,N/A,N/A,87.10161844999999,N/A,N/A,88.31903330333334,N/A,N/A,89.72870890666667,N/A,N/A,85.11434173666667,N/A,N/A,88.03129068999999,N/A,N/A
2024-04-17 10:22:05,No,N/A,84.08501434333333,N/A,N/A,87.14585368,N/A,N/A,88.40118662666667,N/A,N/A,89.80093384000001,N/A,N/A,85.16122691,N/A,N/A,88.10329945666666,N/A,N/A
2024-04-17 10:22:07,No,N/A,84.17293294333332,N/A,N/A,87.22472381666667,N/A,N/A,88.45394643333333,N/A,N/A,89.88379160666666,N/A,N/A,85.21957397666667,N/A,N/A,88.17637380333333,N/A,N/A
2024-04-17 10:22:09,No,N/A,84.23631286666667,N/A,N/A,87.32947539999999,N/A,N/A,88.5280838,N/A,N/A,89.98891957333335,N/A,N/A,85.28782144999998,N/A,N/A,88.24410756333333,N/A,N/A
2024-04-17 10:22:10,No,N/A,84.30054982666667,N/A,N/A,87.40140279333332,N/A,N/A,88.59276580666666,N/A,N/A,90.06074269666665,N/A,N/A,85.37073517,N/A,N/A,88.30404154666667,N/A,N/A
2024-04-17 10:22:12,No,N/A,84.35711161333333,N/A,N/A,87.47119903666668,N/A,N/A,88.62917836666666,N/A,N/A,90.11655171666666,N/A,N/A,85.44813791666667,N/A,N/A,88.37135315,N/A,N/A
2024-04-17 10:22:13,No,N/A,84.44084930333334,N/A,N/A,87.53809102333334,N/A,N/A,88.66161092,N/A,N/A,90.18723297333334,N/A,N/A,85.54836019,N/A,N/A,88.43270874,N/A,N/A
2024-04-17 10:22:15,No,N/A,84.52424113,N/A,N/A,87.62209065666667,N/A,N/A,88.69972229,N/A,N/A,90.25356292666667,N/A,N/A,85.64043680666667,N/A,N/A,88.49952443666666,N/A,N/A
2024-04-17 10:22:16,No,N/A,84.56906636666666,N/A,N/A,87.66388193666666,N/A,N/A,88.72067515333333,N/A,N/A,90.29134623333334,N/A,N/A,85.67529805333334,N/A,N/A,88.56206512333334,N/A,N/A
2024-04-17 10:22:18,No,N/A,84.63395691,N/A,N/A,87.73394775333333,N/A,N/A,88.77264912999999,N/A,N/A,90.36582438333333,N/A,N/A,85.75594838666666,N/A,N/A,88.62772369333334,N/A,N/A
2024-04-17 10:22:20,No,N/A,84.69933064666667,N/A,N/A,87.82147217,N/A,N/A,88.84185028,N/A,N/A,90.43038686,N/A,N/A,85.84026082333332,N/A,N/A,88.70460510333334,N/A,N/A
2024-04-17 10:22:21,No,N/A,84.74636332,N/A,N/A,87.90208180666666,N/A,N/A,88.93609110666667,N/A,N/A,90.51244863,N/A,N/A,85.88217926,N/A,N/A,88.76402537333333,N/A,N/A
2024-04-17 10:22:23,No,N/A,84.77457173666666,N/A,N/A,88.01703644000001,N/A,N/A,89.03296152666667,N/A,N/A,90.60464731666667,N/A,N/A,85.90158081333334,N/A,N/A,88.73892975000001,N/A,N/A
2024-04-17 10:22:24,No,N/A,84.82734171666665,N/A,N/A,88.08851878,N/A,N/A,89.11269632666666,N/A,N/A,90.67953236666666,N/A,N/A,85.91703287666667,N/A,N/A,88.75553131333334,N/A,N/A
2024-04-17 10:22:26,No,N/A,84.89013926333332,N/A,N/A,88.08915710333333,N/A,N/A,89.15231577666667,N/A,N/A,90.71628824666668,N/A,N/A,85.96468098999999,N/A,N/A,88.82038116666666,N/A,N/A
2024-04-17 10:22:27,No,N/A,84.94773610333333,N/A,N/A,88.10811360666668,N/A,N/A,89.20667521,N/A,N/A,90.79239400333334,N/A,N/A,85.98325856666666,N/A,N/A,88.88485972000001,N/A,N/A
2024-04-17 10:22:29,No,N/A,84.98433430666667,N/A,N/A,88.12014007666666,N/A,N/A,89.26051839,N/A,N/A,90.84272257666667,N/A,N/A,86.00397746,N/A,N/A,88.93359120666668,N/A,N/A
2024-04-17 10:22:31,No,N/A,85.01439921000001,N/A,N/A,88.18317667666666,N/A,N/A,89.30064646333334,N/A,N/A,90.93357340666667,N/A,N/A,86.03055826999999,N/A,N/A,88.98120625666667,N/A,N/A
2024-04-17 10:22:32,No,N/A,85.05991872333333,N/A,N/A,88.28907013000001,N/A,N/A,89.38697560666667,N/A,N/A,91.03342946,N/A,N/A,86.05926004999999,N/A,N/A,89.05700683666667,N/A,N/A
2024-04-17 10:22:34,No,N/A,85.10193379666667,N/A,N/A,88.38868968000001,N/A,N/A,89.45286814666667,N/A,N/A,91.11592356666667,N/A,N/A,86.08688099999999,N/A,N/A,89.13387807333334,N/A,N/A
2024-04-17 10:22:35,No,N/A,85.15426127,N/A,N/A,88.44633229333334,N/A,N/A,89.52832540000001,N/A,N/A,91.17480214333334,N/A,N/A,86.13157145333332,N/A,N/A,89.21347808666667,N/A,N/A
2024-04-17 10:22:37,No,N/A,85.21649678666667,N/A,N/A,88.47560119666666,N/A,N/A,89.56791432333334,N/A,N/A,91.21579487999999,N/A,N/A,86.21536255000001,N/A,N/A,89.28863525666667,N/A,N/A
2024-04-17 10:22:38,No,N/A,85.26713561999999,N/A,N/A,88.50976307999998,N/A,N/A,89.60135396666668,N/A,N/A,91.24534607,N/A,N/A,86.28467305333334,N/A,N/A,89.35763804,N/A,N/A
2024-04-17 10:22:40,No,N/A,85.32140859,N/A,N/A,88.54695383666666,N/A,N/A,89.61201223,N/A,N/A,91.27425130333332,N/A,N/A,86.29860941666668,N/A,N/A,89.42758178666668,N/A,N/A
2024-04-17 10:22:42,No,N/A,85.39204407,N/A,N/A,88.59202830333334,N/A,N/A,89.67188008333335,N/A,N/A,91.33540344333333,N/A,N/A,86.36496480333334,N/A,N/A,89.48176066333333,N/A,N/A
2024-04-17 10:22:43,No,N/A,85.46308644666665,N/A,N/A,88.69977060666668,N/A,N/A,89.75320434333332,N/A,N/A,91.42837524333333,N/A,N/A,86.43668111333334,N/A,N/A,89.54520162,N/A,N/A
2024-04-17 10:22:45,No,N/A,85.52675628666667,N/A,N/A,88.81673685999999,N/A,N/A,89.80843098999999,N/A,N/A,91.49809519666667,N/A,N/A,86.52304840333333,N/A,N/A,89.62276458666666,N/A,N/A
2024-04-17 10:22:46,No,N/A,85.55918884333333,N/A,N/A,88.87974548,N/A,N/A,89.82659657666666,N/A,N/A,91.52599080666668,N/A,N/A,86.58758799333333,N/A,N/A,89.69403330333334,N/A,N/A
2024-04-17 10:22:48,No,N/A,85.59144338333333,N/A,N/A,88.89739481666668,N/A,N/A,89.82096608666666,N/A,N/A,91.53726959333333,N/A,N/A,86.59730275666668,N/A,N/A,89.76372273666668,N/A,N/A
2024-04-17 10:22:50,No,N/A,85.58671061333332,N/A,N/A,88.92619323666668,N/A,N/A,89.84759521333335,N/A,N/A,91.56548309333333,N/A,N/A,86.63028463,N/A,N/A,89.83136495000001,N/A,N/A
2024-04-17 10:22:51,No,N/A,85.61654663000002,N/A,N/A,88.99514770333333,N/A,N/A,89.88305155333332,N/A,N/A,91.61444346333333,N/A,N/A,86.67380269333334,N/A,N/A,89.89945475,N/A,N/A
2024-04-17 10:22:53,No,N/A,85.65140533333333,N/A,N/A,89.02341207,N/A,N/A,89.96126301999999,N/A,N/A,91.69122060333332,N/A,N/A,86.70260874333333,N/A,N/A,89.95264943333332,N/A,N/A
2024-04-17 10:22:54,No,N/A,85.68547567,N/A,N/A,89.04779561,N/A,N/A,90.00048828,N/A,N/A,91.72074381333334,N/A,N/A,86.75122070333333,N/A,N/A,89.99287160333334,N/A,N/A
2024-04-17 10:22:56,No,N/A,85.68885549,N/A,N/A,89.09394581999999,N/A,N/A,90.04212443,N/A,N/A,91.76183064666667,N/A,N/A,86.77204386333334,N/A,N/A,90.03025055,N/A,N/A
2024-04-17 10:22:57,No,N/A,85.68447367333333,N/A,N/A,89.11324564333334,N/A,N/A,90.08019001999999,N/A,N/A,91.7899704,N/A,N/A,86.79670969666667,N/A,N/A,90.06641896333333,N/A,N/A
2024-04-17 10:22:59,No,N/A,85.69550069,N/A,N/A,89.14613596333334,N/A,N/A,90.08268738,N/A,N/A,91.80261993666666,N/A,N/A,86.81501261333334,N/A,N/A,90.11524709333334,N/A,N/A
2024-04-17 10:23:01,No,N/A,85.72025807666667,N/A,N/A,89.16680908333335,N/A,N/A,90.08075714333332,N/A,N/A,91.82378387333334,N/A,N/A,86.79954020000001,N/A,N/A,90.15481313000002,N/A,N/A
2024-04-17 10:23:02,No,N/A,85.77452850666668,N/A,N/A,89.22416686666666,N/A,N/A,90.12096913666666,N/A,N/A,91.88724772,N/A,N/A,86.83941142000002,N/A,N/A,90.20962015999999,N/A,N/A
2024-04-17 10:23:04,No,N/A,85.81745910666666,N/A,N/A,89.31646219666668,N/A,N/A,90.18265787666667,N/A,N/A,91.99102529,N/A,N/A,86.83633677333334,N/A,N/A,90.23653157333332,N/A,N/A
2024-04-17 10:23:05,No,N/A,85.86036936666666,N/A,N/A,89.36723073333333,N/A,N/A,90.27230071999999,N/A,N/A,92.08101908333333,N/A,N/A,86.86629231666667,N/A,N/A,90.29057566333334,N/A,N/A
2024-04-17 10:23:07,No,N/A,85.90074666333332,N/A,N/A,89.41473642666666,N/A,N/A,90.30917104000001,N/A,N/A,92.13319651333332,N/A,N/A,86.93273417,N/A,N/A,90.35167185333334,N/A,N/A
2024-04-17 10:23:08,No,N/A,85.93159230666667,N/A,N/A,89.50190226000001,N/A,N/A,90.33596547333333,N/A,N/A,92.17604573666667,N/A,N/A,86.98003896,N/A,N/A,90.42019144666666,N/A,N/A
2024-04-17 10:23:10,No,N/A,85.94757588333334,N/A,N/A,89.55322265333332,N/A,N/A,90.33755239,N/A,N/A,92.18994395,N/A,N/A,87.03146362333332,N/A,N/A,90.48645782333331,N/A,N/A
2024-04-17 10:23:12,No,N/A,85.99980417666667,N/A,N/A,89.60596466,N/A,N/A,90.35978444666667,N/A,N/A,92.23572540333333,N/A,N/A,87.09557088333334,N/A,N/A,90.55313364666665,N/A,N/A
2024-04-17 10:23:13,No,N/A,86.07184855333334,N/A,N/A,89.70240021000001,N/A,N/A,90.40498097666666,N/A,N/A,92.28499603333334,N/A,N/A,87.19544474333333,N/A,N/A,90.63126373333334,N/A,N/A
2024-04-17 10:23:15,No,N/A,86.15965779333334,N/A,N/A,89.81221517,N/A,N/A,90.45363362666667,N/A,N/A,92.33493296333334,N/A,N/A,87.30673726333333,N/A,N/A,90.71325174666667,N/A,N/A
2024-04-17 10:23:16,No,N/A,86.22654469999999,N/A,N/A,89.91675313,N/A,N/A,90.51036834666667,N/A,N/A,92.37706756666667,N/A,N/A,87.40066019666666,N/A,N/A,90.79298909666666,N/A,N/A
2024-04-17 10:23:18,No,N/A,86.28161875,N/A,N/A,89.98547617666667,N/A,N/A,90.56588236666668,N/A,N/A,92.43493906666667,N/A,N/A,87.48451232999999,N/A,N/A,90.85594177333333,N/A,N/A
2024-04-17 10:23:19,No,N/A,86.33908335333335,N/A,N/A,90.04820506,N/A,N/A,90.62620290333332,N/A,N/A,92.50455729,N/A,N/A,87.55516306666668,N/A,N/A,90.91683705666667,N/A,N/A
2024-04-17 10:23:21,No,N/A,86.3891627,N/A,N/A,90.10633849999999,N/A,N/A,90.68541209,N/A,N/A,92.56044260333334,N/A,N/A,87.61306,N/A,N/A,90.9747111,N/A,N/A
2024-04-17 10:23:23,No,N/A,86.44285075,N/A,N/A,90.14973449666667,N/A,N/A,90.72223154333334,N/A,N/A,92.61427053,N/A,N/A,87.63786570333333,N/A,N/A,91.01912434666667,N/A,N/A
2024-04-17 10:23:24,No,N/A,86.48432159333333,N/A,N/A,90.20252228,N/A,N/A,90.76231638666667,N/A,N/A,92.67229970333334,N/A,N/A,87.68228149666668,N/A,N/A,91.06787617666667,N/A,N/A
2024-04-17 10:23:26,No,N/A,86.51524861666667,N/A,N/A,90.23843892333333,N/A,N/A,90.79459381,N/A,N/A,92.70876566666665,N/A,N/A,87.72780100666667,N/A,N/A,91.11823527,N/A,N/A
2024-04-17 10:23:27,No,N/A,86.59498341999999,N/A,N/A,90.26514943333332,N/A,N/A,90.85858917,N/A,N/A,92.75324758,N/A,N/A,87.79462432999999,N/A,N/A,91.15335845999999,N/A,N/A
2024-04-17 10:23:29,No,N/A,86.66303507333333,N/A,N/A,90.29511261,N/A,N/A,90.91636911666667,N/A,N/A,92.82553609333335,N/A,N/A,87.85107676333332,N/A,N/A,91.18307749333333,N/A,N/A
2024-04-17 10:23:30,No,N/A,86.72138976999999,N/A,N/A,90.41241963666668,N/A,N/A,90.94851938666666,N/A,N/A,92.85637918999998,N/A,N/A,87.91302998666667,N/A,N/A,91.23890686,N/A,N/A
2024-04-17 10:23:32,No,N/A,86.79466247333333,N/A,N/A,90.49537404333334,N/A,N/A,90.99986775666667,N/A,N/A,92.92712656333333,N/A,N/A,87.98972574999999,N/A,N/A,91.29704030333333,N/A,N/A
2024-04-17 10:23:34,No,N/A,86.87613678000001,N/A,N/A,90.56432851333334,N/A,N/A,91.06852213666666,N/A,N/A,93.00659179666667,N/A,N/A,88.07189687,N/A,N/A,91.35282389333334,N/A,N/A
2024-04-17 10:23:35,No,N/A,86.94156392333333,N/A,N/A,90.63938140666666,N/A,N/A,91.14412943666667,N/A,N/A,93.08274078333334,N/A,N/A,88.13663482666665,N/A,N/A,91.40877278666666,N/A,N/A
2024-04-17 10:23:37,No,N/A,86.98897552333334,N/A,N/A,90.72036743333332,N/A,N/A,91.20549774,N/A,N/A,93.14833069000001,N/A,N/A,88.15720876,N/A,N/A,91.47656504333334,N/A,N/A
2024-04-17 10:23:38,No,N/A,87.04224141333333,N/A,N/A,90.77819824,N/A,N/A,91.27135976,N/A,N/A,93.21784718666667,N/A,N/A,88.19627126,N/A,N/A,91.53106688999999,N/A,N/A
2024-04-17 10:23:40,No,N/A,87.09431457666666,N/A,N/A,90.84944407,N/A,N/A,91.32827504666666,N/A,N/A,93.27507527333334,N/A,N/A,88.25345611666667,N/A,N/A,91.58974202333333,N/A,N/A
2024-04-17 10:23:41,No,N/A,87.12121581666668,N/A,N/A,90.93016815,N/A,N/A,91.36281839666667,N/A,N/A,93.29384612999998,N/A,N/A,88.29148864666666,N/A,N/A,91.66007232666668,N/A,N/A
2024-04-17 10:23:43,No,N/A,87.14537811333332,N/A,N/A,90.9833196,N/A,N/A,91.40054321333334,N/A,N/A,93.32954152333332,N/A,N/A,88.31185658666668,N/A,N/A,91.71414693333332,N/A,N/A
2024-04-17 10:23:45,No,N/A,87.16927846,N/A,N/A,91.03313191666666,N/A,N/A,91.43836212333333,N/A,N/A,93.3598938,N/A,N/A,88.34944407333334,N/A,N/A,91.76813761666666,N/A,N/A
2024-04-17 10:23:46,No,N/A,87.19097900666668,N/A,N/A,91.08909861333332,N/A,N/A,91.46549224666667,N/A,N/A,93.39315796333334,N/A,N/A,88.39213307666667,N/A,N/A,91.82250722333333,N/A,N/A
2024-04-17 10:23:48,No,N/A,87.22763316,N/A,N/A,91.11395263666667,N/A,N/A,91.49572499666668,N/A,N/A,93.43093109333334,N/A,N/A,88.44204457333335,N/A,N/A,91.87231445333333,N/A,N/A
2024-04-17 10:23:49,No,N/A,87.26100413,N/A,N/A,91.13682302000001,N/A,N/A,91.53644562,N/A,N/A,93.48056539,N/A,N/A,88.47279357666667,N/A,N/A,91.92517598666666,N/A,N/A
2024-04-17 10:23:51,No,N/A,87.28988901666668,N/A,N/A,91.17631530666667,N/A,N/A,91.56898752666666,N/A,N/A,93.52917989000001,N/A,N/A,88.50921376999999,N/A,N/A,91.97280120666666,N/A,N/A
2024-04-17 10:23:52,No,N/A,87.34461212000001,N/A,N/A,91.19609578333332,N/A,N/A,91.60961151,N/A,N/A,93.59149678666667,N/A,N/A,88.54808807333332,N/A,N/A,91.99724324666666,N/A,N/A
2024-04-17 10:23:54,No,N/A,87.38838958666666,N/A,N/A,91.20961507333334,N/A,N/A,91.65110016,N/A,N/A,93.61586253,N/A,N/A,88.57501475333333,N/A,N/A,92.04149118999999,N/A,N/A
2024-04-17 10:23:56,No,N/A,87.42706553,N/A,N/A,91.25022379333335,N/A,N/A,91.69856771,N/A,N/A,93.66185506333333,N/A,N/A,88.59621175,N/A,N/A,92.09314982000001,N/A,N/A
2024-04-17 10:23:57,No,N/A,87.46180216333335,N/A,N/A,91.30422211,N/A,N/A,91.76108042333333,N/A,N/A,93.73484293666667,N/A,N/A,88.58459727,N/A,N/A,92.13878631666667,N/A,N/A
2024-04-17 10:23:59,No,N/A,87.48334757666667,N/A,N/A,91.35160318999999,N/A,N/A,91.80981444999999,N/A,N/A,93.78638203999999,N/A,N/A,88.59133148000001,N/A,N/A,92.18380991666668,N/A,N/A
2024-04-17 10:24:00,No,N/A,87.50544484666666,N/A,N/A,91.36024983666668,N/A,N/A,91.84889221333333,N/A,N/A,93.81679535,N/A,N/A,88.60206349666667,N/A,N/A,92.22116089000001,N/A,N/A
2024-04-17 10:24:02,No,N/A,87.51309712666666,N/A,N/A,91.37078349,N/A,N/A,91.90209452666666,N/A,N/A,93.85212707333334,N/A,N/A,88.59366099333333,N/A,N/A,92.25832621333332,N/A,N/A
2024-04-17 10:24:04,No,N/A,87.51080322,N/A,N/A,91.40114084666668,N/A,N/A,91.95718129333333,N/A,N/A,93.88167826333334,N/A,N/A,88.58610026333334,N/A,N/A,92.29863739,N/A,N/A
2024-04-17 10:24:05,No,N/A,87.52336629333332,N/A,N/A,91.41926574666667,N/A,N/A,91.96979014,N/A,N/A,93.89016214666667,N/A,N/A,88.60836791999999,N/A,N/A,92.32801056,N/A,N/A
2024-04-17 10:24:07,No,N/A,87.54411061666667,N/A,N/A,91.43744659333333,N/A,N/A,91.96412658666668,N/A,N/A,93.91542561666667,N/A,N/A,88.64538574333334,N/A,N/A,92.35694376666667,N/A,N/A
2024-04-17 10:24:08,No,N/A,87.55817413333334,N/A,N/A,91.44841003333333,N/A,N/A,91.95367431666666,N/A,N/A,93.92456309,N/A,N/A,88.65818532333333,N/A,N/A,92.38664245333332,N/A,N/A
2024-04-17 10:24:10,No,N/A,87.53897349,N/A,N/A,91.44547526333334,N/A,N/A,91.95325724333333,N/A,N/A,93.93651326666667,N/A,N/A,88.63312022000001,N/A,N/A,92.41159057666665,N/A,N/A
2024-04-17 10:24:11,No,N/A,87.54451243333335,N/A,N/A,91.43592071666667,N/A,N/A,91.91574351333334,N/A,N/A,93.96192677666666,N/A,N/A,88.61079407,N/A,N/A,92.43047332666667,N/A,N/A
2024-04-17 10:24:13,No,N/A,87.55125427,N/A,N/A,91.43109893666667,N/A,N/A,91.91837819333334,N/A,N/A,93.96189117333334,N/A,N/A,88.61622874,N/A,N/A,92.44494883333334,N/A,N/A
2024-04-17 10:24:15,No,N/A,87.59092966666667,N/A,N/A,91.44123840666667,N/A,N/A,91.91425069000002,N/A,N/A,93.96644592,N/A,N/A,88.63947805,N/A,N/A,92.47031402333333,N/A,N/A
2024-04-17 10:24:16,No,N/A,87.61858113666666,N/A,N/A,91.45510863999999,N/A,N/A,91.89308421,N/A,N/A,93.98488617,N/A,N/A,88.63153839,N/A,N/A,92.49656168666667,N/A,N/A
2024-04-17 10:24:18,No,N/A,87.63004048333335,N/A,N/A,91.49240621,N/A,N/A,91.93081919666666,N/A,N/A,94.03722126999999,N/A,N/A,88.6632665,N/A,N/A,92.53402201666665,N/A,N/A
2024-04-17 10:24:19,No,N/A,87.66609700333333,N/A,N/A,91.52039337333333,N/A,N/A,92.00992330000001,N/A,N/A,94.09157816666668,N/A,N/A,88.72499592999999,N/A,N/A,92.56886037333334,N/A,N/A
2024-04-17 10:24:21,No,N/A,87.68873087666667,N/A,N/A,91.58173116,N/A,N/A,92.05632272999999,N/A,N/A,94.15934499000001,N/A,N/A,88.7460378,N/A,N/A,92.60973866666666,N/A,N/A
2024-04-17 10:24:22,No,N/A,87.70058695666665,N/A,N/A,91.60564168333333,N/A,N/A,92.05674234666667,N/A,N/A,94.22472127333333,N/A,N/A,88.72770436666667,N/A,N/A,92.64547475333332,N/A,N/A
2024-04-17 10:24:24,No,N/A,87.74280802333332,N/A,N/A,91.70033772666666,N/A,N/A,92.11872609333334,N/A,N/A,94.29843902333334,N/A,N/A,88.74651082333332,N/A,N/A,92.69912973999999,N/A,N/A
2024-04-17 10:24:26,No,N/A,87.75297800999999,N/A,N/A,91.76096089666667,N/A,N/A,92.19227091333335,N/A,N/A,94.35878245333333,N/A,N/A,88.76546223999999,N/A,N/A,92.73766835666667,N/A,N/A
2024-04-17 10:24:27,No,N/A,87.74263763333333,N/A,N/A,91.75042216333333,N/A,N/A,92.2490743,N/A,N/A,94.40586344333333,N/A,N/A,88.78801981666668,N/A,N/A,92.74687194666666,N/A,N/A
2024-04-17 10:24:29,No,N/A,87.77918752333333,N/A,N/A,91.75080617333333,N/A,N/A,92.28963216333334,N/A,N/A,94.39697011333332,N/A,N/A,88.84307861333333,N/A,N/A,92.77648162666667,N/A,N/A
2024-04-17 10:24:30,No,N/A,87.83636983333334,N/A,N/A,91.78273264666666,N/A,N/A,92.29485829333333,N/A,N/A,94.40637715666666,N/A,N/A,88.90191650666668,N/A,N/A,92.81990305666666,N/A,N/A
2024-04-17 10:24:32,No,N/A,87.88356018,N/A,N/A,91.82462310333331,N/A,N/A,92.31619517,N/A,N/A,94.43751525666669,N/A,N/A,88.97967275333333,N/A,N/A,92.86525217666667,N/A,N/A
2024-04-17 10:24:33,No,N/A,87.91398366333333,N/A,N/A,91.87229665000001,N/A,N/A,92.36721293333335,N/A,N/A,94.48413848666667,N/A,N/A,89.01420084666667,N/A,N/A,92.90752156666667,N/A,N/A
2024-04-17 10:24:35,No,N/A,87.92502339666667,N/A,N/A,91.92528534,N/A,N/A,92.40969085666666,N/A,N/A,94.52295685,N/A,N/A,89.03216807,N/A,N/A,92.94551595,N/A,N/A
2024-04-17 10:24:37,No,N/A,87.93639882333332,N/A,N/A,91.93322499666668,N/A,N/A,92.46660359666667,N/A,N/A,94.54311879666666,N/A,N/A,89.04557546,N/A,N/A,92.96743011333332,N/A,N/A
2024-04-17 10:24:38,No,N/A,87.96693928999998,N/A,N/A,91.93206787000001,N/A,N/A,92.52506256,N/A,N/A,94.56458027999999,N/A,N/A,89.06923929666665,N/A,N/A,93.00130462666668,N/A,N/A
2024-04-17 10:24:40,No,N/A,87.99490102,N/A,N/A,91.96762085,N/A,N/A,92.55644226,N/A,N/A,94.59886169333333,N/A,N/A,89.11027272333332,N/A,N/A,93.04060872333332,N/A,N/A
2024-04-17 10:24:41,No,N/A,88.01557922333332,N/A,N/A,92.00135040333333,N/A,N/A,92.6091512,N/A,N/A,94.62881978333333,N/A,N/A,89.13493601333333,N/A,N/A,93.07752736333333,N/A,N/A
2024-04-17 10:24:43,No,N/A,88.04676310333333,N/A,N/A,92.02753956999999,N/A,N/A,92.64791616000001,N/A,N/A,94.67245229000001,N/A,N/A,89.16607157666665,N/A,N/A,93.11122894,N/A,N/A
2024-04-17 10:24:44,No,N/A,88.07757822666667,N/A,N/A,92.07901509666665,N/A,N/A,92.68093617666666,N/A,N/A,94.69221242333333,N/A,N/A,89.18243154,N/A,N/A,93.15370432333334,N/A,N/A
2024-04-17 10:24:46,No,N/A,88.10996246,N/A,N/A,92.12057749666667,N/A,N/A,92.72464243666666,N/A,N/A,94.73098245999999,N/A,N/A,89.20491028,N/A,N/A,93.19853210333333,N/A,N/A
2024-04-17 10:24:48,No,N/A,88.13949839666667,N/A,N/A,92.16937001666668,N/A,N/A,92.75416565,N/A,N/A,94.79385376,N/A,N/A,89.24944559666666,N/A,N/A,93.24078114666668,N/A,N/A
2024-04-17 10:24:49,No,N/A,88.16352335666666,N/A,N/A,92.23214213333334,N/A,N/A,92.79460398333333,N/A,N/A,94.85985819333332,N/A,N/A,89.27131907,N/A,N/A,93.28111775666667,N/A,N/A
2024-04-17 10:24:51,No,N/A,88.21492513,N/A,N/A,92.27040354666667,N/A,N/A,92.81421407,N/A,N/A,94.88902791333334,N/A,N/A,89.32171631,N/A,N/A,93.29842631000001,N/A,N/A
2024-04-17 10:24:52,No,N/A,88.21709696333333,N/A,N/A,92.29754893,N/A,N/A,92.82095845666667,N/A,N/A,94.92193349333336,N/A,N/A,89.32528941,N/A,N/A,93.30786895666667,N/A,N/A
2024-04-17 10:24:54,No,N/A,88.20833842333333,N/A,N/A,92.32963816,N/A,N/A,92.80658467666667,N/A,N/A,94.9496816,N/A,N/A,89.31977844333333,N/A,N/A,93.34877522666666,N/A,N/A
2024-04-17 10:24:56,No,N/A,88.24490102333334,N/A,N/A,92.36019389,N/A,N/A,92.84824880000001,N/A,N/A,94.96291096666668,N/A,N/A,89.38341013666667,N/A,N/A,93.38581594,N/A,N/A
2024-04-17 10:24:57,No,N/A,88.31980641666667,N/A,N/A,92.42640686,N/A,N/A,92.89094543333334,N/A,N/A,95.00271860666668,N/A,N/A,89.45631663,N/A,N/A,93.42678833000001,N/A,N/A
2024-04-17 10:24:59,No,N/A,88.34796396666667,N/A,N/A,92.46293385666667,N/A,N/A,92.90936787999999,N/A,N/A,95.04235331000001,N/A,N/A,89.48134613333333,N/A,N/A,93.46036020999999,N/A,N/A
2024-04-17 10:25:00,No,N/A,88.35858662999999,N/A,N/A,92.47947438666667,N/A,N/A,92.9462382,N/A,N/A,95.08131663,N/A,N/A,89.49291738,N/A,N/A,93.48881276666667,N/A,N/A
2024-04-17 10:25:02,No,N/A,88.35929362,N/A,N/A,92.48056539,N/A,N/A,92.97348530666666,N/A,N/A,95.09110005666666,N/A,N/A,89.49133809333334,N/A,N/A,93.51235962,N/A,N/A
2024-04-17 10:25:03,No,N/A,88.35536447999999,N/A,N/A,92.44382985666665,N/A,N/A,92.98780314,N/A,N/A,95.08051554333333,N/A,N/A,89.49428303666667,N/A,N/A,93.51882171666666,N/A,N/A
2024-04-17 10:25:05,No,N/A,88.38855489000001,N/A,N/A,92.40337880333333,N/A,N/A,92.99337259666667,N/A,N/A,95.05925242,N/A,N/A,89.52234141000001,N/A,N/A,93.52982584666665,N/A,N/A
2024-04-17 10:25:06,No,N/A,88.44345601666667,N/A,N/A,92.41460418666666,N/A,N/A,93.03606414666667,N/A,N/A,95.06470489666667,N/A,N/A,89.53572591333334,N/A,N/A,93.55546315333333,N/A,N/A
2024-04-17 10:25:08,No,N/A,88.48617299333334,N/A,N/A,92.48486073666668,N/A,N/A,93.10659535666666,N/A,N/A,95.14090728666666,N/A,N/A,89.56233469666667,N/A,N/A,93.57953389666666,N/A,N/A
2024-04-17 10:25:10,No,N/A,88.55481974333333,N/A,N/A,92.56532033333333,N/A,N/A,93.14900716333334,N/A,N/A,95.21897888,N/A,N/A,89.60327911333333,N/A,N/A,93.62036132666667,N/A,N/A
2024-04-17 10:25:11,No,N/A,88.60758463333333,N/A,N/A,92.65636952666667,N/A,N/A,93.17739359666666,N/A,N/A,95.28071085666666,N/A,N/A,89.64867146666667,N/A,N/A,93.67434183666666,N/A,N/A
2024-04-17 10:25:13,No,N/A,88.63626353000001,N/A,N/A,92.71858978333334,N/A,N/A,93.21576945,N/A,N/A,95.36279296666667,N/A,N/A,89.66072082333334,N/A,N/A,93.69613139,N/A,N/A
2024-04-17 10:25:14,No,N/A,88.65812937333332,N/A,N/A,92.77162170666668,N/A,N/A,93.25707498999999,N/A,N/A,95.43218231333333,N/A,N/A,89.67355855666666,N/A,N/A,93.70314788999998,N/A,N/A
2024-04-17 10:25:16,No,N/A,88.68183644333334,N/A,N/A,92.83446248333333,N/A,N/A,93.29679870666666,N/A,N/A,95.46958414999999,N/A,N/A,89.69216410333335,N/A,N/A,93.75045522333333,N/A,N/A
2024-04-17 10:25:18,No,N/A,88.70295969666667,N/A,N/A,92.88260905,N/A,N/A,93.33633931666667,N/A,N/A,95.5223643,N/A,N/A,89.70862325,N/A,N/A,93.79171244333332,N/A,N/A
2024-04-17 10:25:19,No,N/A,88.73817952333333,N/A,N/A,92.94854227666667,N/A,N/A,93.38752238,N/A,N/A,95.58667501000001,N/A,N/A,89.72982534,N/A,N/A,93.82948557333334,N/A,N/A
2024-04-17 10:25:21,No,N/A,88.79064432666667,N/A,N/A,93.04783376,N/A,N/A,93.44100698,N/A,N/A,95.64392853,N/A,N/A,89.75284830999999,N/A,N/A,93.8686498,N/A,N/A
2024-04-17 10:25:22,No,N/A,88.83757273333333,N/A,N/A,93.13851419999999,N/A,N/A,93.49278004666667,N/A,N/A,95.69940694,N/A,N/A,89.77740732666666,N/A,N/A,93.91335042333333,N/A,N/A
2024-04-17 10:25:24,No,N/A,88.88608805333332,N/A,N/A,93.22952015999999,N/A,N/A,93.53853861333333,N/A,N/A,95.74717966666667,N/A,N/A,89.80917612666667,N/A,N/A,93.97029622666666,N/A,N/A
2024-04-17 10:25:26,No,N/A,88.93386586666668,N/A,N/A,93.32601420333333,N/A,N/A,93.58374532,N/A,N/A,95.81069437666667,N/A,N/A,89.82688649666666,N/A,N/A,94.01489257666667,N/A,N/A
2024-04-17 10:25:27,No,N/A,88.98181661000001,N/A,N/A,93.39711761333332,N/A,N/A,93.60669199666667,N/A,N/A,95.86075083333333,N/A,N/A,89.89699045666667,N/A,N/A,94.05234019,N/A,N/A
2024-04-17 10:25:29,No,N/A,89.02921295,N/A,N/A,93.41134135,N/A,N/A,93.62228648,N/A,N/A,95.88231659,N/A,N/A,89.96833038333334,N/A,N/A,94.08765411333333,N/A,N/A
2024-04-17 10:25:30,No,N/A,89.06348927666666,N/A,N/A,93.41013844999999,N/A,N/A,93.64916229333335,N/A,N/A,95.91737619999999,N/A,N/A,89.99748992666666,N/A,N/A,94.12932332333334,N/A,N/A
2024-04-17 10:25:32,No,N/A,89.09030151333333,N/A,N/A,93.42277781,N/A,N/A,93.69705963333335,N/A,N/A,95.95965830666667,N/A,N/A,89.99776204333334,N/A,N/A,94.16254170666667,N/A,N/A
2024-04-17 10:25:33,No,N/A,89.13284047333333,N/A,N/A,93.45749155666668,N/A,N/A,93.7155482,N/A,N/A,95.98532867333331,N/A,N/A,90.03629049,N/A,N/A,94.20717621,N/A,N/A
2024-04-17 10:25:35,No,N/A,89.16803741333332,N/A,N/A,93.49411519333334,N/A,N/A,93.73898061,N/A,N/A,96.01095072333334,N/A,N/A,90.07015991333333,N/A,N/A,94.2554245,N/A,N/A
2024-04-17 10:25:36,No,N/A,89.18302917333334,N/A,N/A,93.52875264333333,N/A,N/A,93.75461578333334,N/A,N/A,96.03811899666668,N/A,N/A,90.12963358666667,N/A,N/A,94.29514058333335,N/A,N/A
2024-04-17 10:25:38,No,N/A,89.21131896666667,N/A,N/A,93.5471344,N/A,N/A,93.76632690666666,N/A,N/A,96.05315144666667,N/A,N/A,90.17039744,N/A,N/A,94.33147938999998,N/A,N/A
2024-04-17 10:25:40,No,N/A,89.23079935666668,N/A,N/A,93.57378387333331,N/A,N/A,93.79572550333334,N/A,N/A,96.08739980333333,N/A,N/A,90.20079803666665,N/A,N/A,94.37724812666666,N/A,N/A
2024-04-17 10:25:41,No,N/A,89.23099263333334,N/A,N/A,93.57985178666667,N/A,N/A,93.83476766000001,N/A,N/A,96.12425994666665,N/A,N/A,90.21481323,N/A,N/A,94.41535695666666,N/A,N/A
2024-04-17 10:25:43,No,N/A,89.25702158333333,N/A,N/A,93.59117889333334,N/A,N/A,93.87474823000001,N/A,N/A,96.14545440666666,N/A,N/A,90.23675791333334,N/A,N/A,94.45352172999999,N/A,N/A
2024-04-17 10:25:44,No,N/A,89.28971863,N/A,N/A,93.63185119666667,N/A,N/A,93.90643055999999,N/A,N/A,96.17804717999998,N/A,N/A,90.26652272333335,N/A,N/A,94.49916076333334,N/A,N/A
2024-04-17 10:25:46,No,N/A,89.32007853333333,N/A,N/A,93.69944763000001,N/A,N/A,93.91507212333333,N/A,N/A,96.20786793999999,N/A,N/A,90.32659403333334,N/A,N/A,94.53773498333334,N/A,N/A
2024-04-17 10:25:48,No,N/A,89.34099579000001,N/A,N/A,93.73518117333333,N/A,N/A,93.93483479666666,N/A,N/A,96.24164581333334,N/A,N/A,90.35589599999999,N/A,N/A,94.57192739,N/A,N/A
2024-04-17 10:25:49,No,N/A,89.33405304,N/A,N/A,93.76103210333333,N/A,N/A,93.95044453666667,N/A,N/A,96.25936126333333,N/A,N/A,90.38068390000001,N/A,N/A,94.60538737,N/A,N/A
2024-04-17 10:25:51,No,N/A,89.32225545333334,N/A,N/A,93.75842030666666,N/A,N/A,93.98474884,N/A,N/A,96.28803761666667,N/A,N/A,90.37869262666668,N/A,N/A,94.63398488333333,N/A,N/A
2024-04-17 10:25:52,No,N/A,89.32420857666666,N/A,N/A,93.77200063333333,N/A,N/A,94.01402791666668,N/A,N/A,96.30683644666668,N/A,N/A,90.38355763666668,N/A,N/A,94.65174102666667,N/A,N/A
2024-04-17 10:25:54,No,N/A,89.34350331666667,N/A,N/A,93.75875600333332,N/A,N/A,94.02196248333333,N/A,N/A,96.29850769000001,N/A,N/A,90.38618215000001,N/A,N/A,94.67300669333333,N/A,N/A
2024-04-17 10:25:55,No,N/A,89.35363515333334,N/A,N/A,93.73315683999999,N/A,N/A,94.06085205333333,N/A,N/A,96.34084828666666,N/A,N/A,90.39652761,N/A,N/A,94.69654845999999,N/A,N/A
2024-04-17 10:25:57,No,N/A,89.35844930333333,N/A,N/A,93.70915222,N/A,N/A,94.09082539666667,N/A,N/A,96.37735493999999,N/A,N/A,90.41625976666667,N/A,N/A,94.72403717000002,N/A,N/A
2024-04-17 10:25:58,No,N/A,89.36930593,N/A,N/A,93.70554097333336,N/A,N/A,94.10944366666666,N/A,N/A,96.40294647333333,N/A,N/A,90.43957010666668,N/A,N/A,94.71570841666666,N/A,N/A
2024-04-17 10:26:00,No,N/A,89.40203602999999,N/A,N/A,93.77736409666666,N/A,N/A,94.15869395,N/A,N/A,96.45128631666667,N/A,N/A,90.45863851,N/A,N/A,94.70788320000001,N/A,N/A
2024-04-17 10:26:02,No,N/A,89.43221537333334,N/A,N/A,93.8109258,N/A,N/A,94.20545196333335,N/A,N/A,96.51001230666668,N/A,N/A,90.47875722333333,N/A,N/A,94.71027374333333,N/A,N/A
2024-04-17 10:26:03,No,N/A,89.45978291666667,N/A,N/A,93.89175669333333,N/A,N/A,94.24960327000001,N/A,N/A,96.55615234666668,N/A,N/A,90.49925740666667,N/A,N/A,94.73560841666665,N/A,N/A
2024-04-17 10:26:05,No,N/A,89.48294829999999,N/A,N/A,93.95495351,N/A,N/A,94.28625742666667,N/A,N/A,96.60651143666666,N/A,N/A,90.52514394333333,N/A,N/A,94.74601237,N/A,N/A
2024-04-17 10:26:06,No,N/A,89.50390625,N/A,N/A,93.98239135666665,N/A,N/A,94.31667073666667,N/A,N/A,96.63087717666667,N/A,N/A,90.54489644333334,N/A,N/A,94.76705678,N/A,N/A
2024-04-17 10:26:08,No,N/A,89.51279704000001,N/A,N/A,93.99895222999999,N/A,N/A,94.32097880333333,N/A,N/A,96.64980824666668,N/A,N/A,90.56583149999999,N/A,N/A,94.79241434666666,N/A,N/A
2024-04-17 10:26:09,No,N/A,89.48089599666666,N/A,N/A,94.00900777333334,N/A,N/A,94.27984110666667,N/A,N/A,96.63418070333334,N/A,N/A,90.59207407333334,N/A,N/A,94.82722982,N/A,N/A
2024-04-17 10:26:11,No,N/A,89.48392740999999,N/A,N/A,94.00064849666667,N/A,N/A,94.24648030666667,N/A,N/A,96.60433705666667,N/A,N/A,90.61289723666665,N/A,N/A,94.85237121666667,N/A,N/A
2024-04-17 10:26:13,No,N/A,89.50121816000001,N/A,N/A,94.00049591,N/A,N/A,94.25499471,N/A,N/A,96.58379872666666,N/A,N/A,90.60480753333333,N/A,N/A,94.88408406666667,N/A,N/A
2024-04-17 10:26:14,No,N/A,89.50175221666666,N/A,N/A,94.03151448666667,N/A,N/A,94.23025767,N/A,N/A,96.56667582333334,N/A,N/A,90.60131581333333,N/A,N/A,94.92519633,N/A,N/A
2024-04-17 10:26:16,No,N/A,89.57082367000002,N/A,N/A,94.08852641,N/A,N/A,94.25729879000001,N/A,N/A,96.61181132,N/A,N/A,90.68380228666666,N/A,N/A,94.97077179,N/A,N/A
2024-04-17 10:26:17,No,N/A,89.64611561999999,N/A,N/A,94.18603261333334,N/A,N/A,94.29129537,N/A,N/A,96.66615041,N/A,N/A,90.76416015666666,N/A,N/A,95.02814737666667,N/A,N/A
2024-04-17 10:26:19,No,N/A,89.68665822333332,N/A,N/A,94.27055359,N/A,N/A,94.32363128666667,N/A,N/A,96.67961120666666,N/A,N/A,90.80366262,N/A,N/A,95.07619476333333,N/A,N/A
2024-04-17 10:26:20,No,N/A,89.74194590333333,N/A,N/A,94.33963521333334,N/A,N/A,94.36040496666668,N/A,N/A,96.72688039,N/A,N/A,90.84207662333334,N/A,N/A,95.11916859666667,N/A,N/A
2024-04-17 10:26:22,No,N/A,89.79460906666667,N/A,N/A,94.36700948,N/A,N/A,94.41652171,N/A,N/A,96.76870473000001,N/A,N/A,90.85742441999999,N/A,N/A,95.15073140666665,N/A,N/A
2024-04-17 10:26:24,No,N/A,89.83864339333333,N/A,N/A,94.41004943666667,N/A,N/A,94.45907847000001,N/A,N/A,96.80917612666667,N/A,N/A,90.90406290666665,N/A,N/A,95.19725545333334,N/A,N/A
2024-04-17 10:26:25,No,N/A,89.86832428000001,N/A,N/A,94.45518494,N/A,N/A,94.52159881666665,N/A,N/A,96.87186686333332,N/A,N/A,90.90199533999998,N/A,N/A,95.21803537666666,N/A,N/A
2024-04-17 10:26:27,No,N/A,89.89968109,N/A,N/A,94.51946258666668,N/A,N/A,94.57882436333334,N/A,N/A,96.92803446666666,N/A,N/A,90.90159352666667,N/A,N/A,95.23866780333333,N/A,N/A
2024-04-17 10:26:28,No,N/A,89.95176188333335,N/A,N/A,94.55162811333334,N/A,N/A,94.61238098333332,N/A,N/A,96.96042887333333,N/A,N/A,90.93555196333334,N/A,N/A,95.28182474666666,N/A,N/A
2024-04-17 10:26:30,No,N/A,89.98144277,N/A,N/A,94.56089528333332,N/A,N/A,94.63002268666666,N/A,N/A,96.97697448666668,N/A,N/A,90.98407236999999,N/A,N/A,95.32262675,N/A,N/A
2024-04-17 10:26:32,No,N/A,90.00248972333333,N/A,N/A,94.55462138,N/A,N/A,94.67119852666667,N/A,N/A,97.00258382333334,N/A,N/A,90.98449198333333,N/A,N/A,95.35403951,N/A,N/A
2024-04-17 10:26:33,No,N/A,90.01930999666666,N/A,N/A,94.57326761999998,N/A,N/A,94.71507009,N/A,N/A,97.04741668666668,N/A,N/A,90.98678842999999,N/A,N/A,95.37318420333334,N/A,N/A
2024-04-17 10:26:35,No,N/A,90.03085835666666,N/A,N/A,94.58503977666668,N/A,N/A,94.74160766666667,N/A,N/A,97.08560943666667,N/A,N/A,90.98623403,N/A,N/A,95.39837901,N/A,N/A
2024-04-17 10:26:36,No,N/A,90.03999328666667,N/A,N/A,94.62065124333333,N/A,N/A,94.76497904333333,N/A,N/A,97.13448079333334,N/A,N/A,90.98844909666667,N/A,N/A,95.42595164,N/A,N/A
2024-04-17 10:26:38,No,N/A,90.04734039333334,N/A,N/A,94.61952717999999,N/A,N/A,94.79072062333334,N/A,N/A,97.15334574333333,N/A,N/A,90.99999237000002,N/A,N/A,95.45197295999999,N/A,N/A
2024-04-17 10:26:39,No,N/A,90.04934692333335,N/A,N/A,94.61048889333331,N/A,N/A,94.81157938666668,N/A,N/A,97.15665435666666,N/A,N/A,91.01229603999998,N/A,N/A,95.48263295333334,N/A,N/A
2024-04-17 10:26:41,No,N/A,90.04995981666666,N/A,N/A,94.61386362666667,N/A,N/A,94.80791982,N/A,N/A,97.16053517333334,N/A,N/A,91.03659820333333,N/A,N/A,95.50050099666667,N/A,N/A
2024-04-17 10:26:43,No,N/A,90.06054179,N/A,N/A,94.61043294333335,N/A,N/A,94.82180786333333,N/A,N/A,97.17555236666665,N/A,N/A,91.0480779,N/A,N/A,95.52266184333332,N/A,N/A
2024-04-17 10:26:44,No,N/A,90.06259155333333,N/A,N/A,94.67235311,N/A,N/A,94.83124542333333,N/A,N/A,97.19481913,N/A,N/A,91.06650797333333,N/A,N/A,95.54437509999998,N/A,N/A
2024-04-17 10:26:46,No,N/A,90.07440185666667,N/A,N/A,94.67809804333335,N/A,N/A,94.86360168666666,N/A,N/A,97.21756998666667,N/A,N/A,91.08658091333332,N/A,N/A,95.57114919000001,N/A,N/A
2024-04-17 10:26:47,No,N/A,90.10344187,N/A,N/A,94.71893310666667,N/A,N/A,94.88444773333333,N/A,N/A,97.25105794333335,N/A,N/A,91.09958903,N/A,N/A,95.57321675666667,N/A,N/A
2024-04-17 10:26:49,No,N/A,90.12642415666666,N/A,N/A,94.80605570666667,N/A,N/A,94.90446472,N/A,N/A,97.31480407666668,N/A,N/A,91.10317484333332,N/A,N/A,95.57840729000002,N/A,N/A
2024-04-17 10:26:50,No,N/A,90.14323934,N/A,N/A,94.88879394666667,N/A,N/A,94.90594482666667,N/A,N/A,97.35218302666668,N/A,N/A,91.10896555333333,N/A,N/A,95.56581878666667,N/A,N/A
2024-04-17 10:26:52,No,N/A,90.14969635,N/A,N/A,94.97525533,N/A,N/A,94.9263916,N/A,N/A,97.41723378666667,N/A,N/A,91.10751597000001,N/A,N/A,95.57828522,N/A,N/A
2024-04-17 10:26:54,No,N/A,90.15927887,N/A,N/A,95.02367146666667,N/A,N/A,94.94138081999999,N/A,N/A,97.41308593666668,N/A,N/A,91.11484781666667,N/A,N/A,95.54735819333332,N/A,N/A
2024-04-17 10:26:55,No,N/A,90.17472585,N/A,N/A,95.03864797,N/A,N/A,94.9716568,N/A,N/A,97.42648061,N/A,N/A,91.13159688333333,N/A,N/A,95.54986063666666,N/A,N/A
2024-04-17 10:26:57,No,N/A,90.18484497333333,N/A,N/A,95.00979613999999,N/A,N/A,94.99527231999998,N/A,N/A,97.45990498666667,N/A,N/A,91.14900716,N/A,N/A,95.58891550999999,N/A,N/A
2024-04-17 10:26:58,No,N/A,90.19327036333333,N/A,N/A,95.01071929666666,N/A,N/A,95.02691141666666,N/A,N/A,97.47520447,N/A,N/A,91.17008718,N/A,N/A,95.62012227333334,N/A,N/A
2024-04-17 10:27:00,No,N/A,90.20566812999999,N/A,N/A,95.07630157333334,N/A,N/A,95.05472310333334,N/A,N/A,97.49722544666668,N/A,N/A,91.18969471999999,N/A,N/A,95.61087544666668,N/A,N/A
2024-04-17 10:27:01,No,N/A,90.22591654333333,N/A,N/A,95.11065165333332,N/A,N/A,95.05924988,N/A,N/A,97.52570088666668,N/A,N/A,91.21000926,N/A,N/A,95.62744140666666,N/A,N/A
2024-04-17 10:27:03,No,N/A,90.22671763,N/A,N/A,95.03788503,N/A,N/A,95.06191761999999,N/A,N/A,97.50982411666666,N/A,N/A,91.23009491333335,N/A,N/A,95.65924835333333,N/A,N/A
2024-04-17 10:27:05,No,N/A,90.24372609333334,N/A,N/A,95.02915446000002,N/A,N/A,95.04888661666666,N/A,N/A,97.51180776000001,N/A,N/A,91.28471374333333,N/A,N/A,95.72169748666666,N/A,N/A
2024-04-17 10:27:06,No,N/A,90.28690592333334,N/A,N/A,95.04188537666666,N/A,N/A,95.05283864333335,N/A,N/A,97.52423604333335,N/A,N/A,91.34457651666666,N/A,N/A,95.77157338666666,N/A,N/A
2024-04-17 10:27:08,No,N/A,90.30420685,N/A,N/A,95.06104532666666,N/A,N/A,95.07445017666667,N/A,N/A,97.55360158333333,N/A,N/A,91.38600667333333,N/A,N/A,95.81324768,N/A,N/A
2024-04-17 10:27:09,No,N/A,90.30542500666667,N/A,N/A,95.04672241333333,N/A,N/A,95.10718282333335,N/A,N/A,97.55845388,N/A,N/A,91.38814544666667,N/A,N/A,95.84597015333334,N/A,N/A
2024-04-17 10:27:11,No,N/A,90.29755147333333,N/A,N/A,95.03493245333334,N/A,N/A,95.12094879333334,N/A,N/A,97.55884551999999,N/A,N/A,91.39369201333334,N/A,N/A,95.87925465666666,N/A,N/A
2024-04-17 10:27:12,No,N/A,90.28134663666667,N/A,N/A,95.00755564333333,N/A,N/A,95.10615539333332,N/A,N/A,97.54904683666666,N/A,N/A,91.38075256666667,N/A,N/A,95.89638264666667,N/A,N/A
2024-04-17 10:27:14,No,N/A,90.28205616999999,N/A,N/A,94.99523671666667,N/A,N/A,95.06538645333335,N/A,N/A,97.53907267333334,N/A,N/A,91.36375172999999,N/A,N/A,95.93291727333333,N/A,N/A
2024-04-17 10:27:16,No,N/A,90.31598409000001,N/A,N/A,95.02139282333333,N/A,N/A,95.09633127666666,N/A,N/A,97.56646474,N/A,N/A,91.40669250666667,N/A,N/A,95.97139485666666,N/A,N/A
2024-04-17 10:27:17,No,N/A,90.36080170000001,N/A,N/A,95.06202443333332,N/A,N/A,95.13554127999998,N/A,N/A,97.60969035,N/A,N/A,91.46321106,N/A,N/A,96.00366465333333,N/A,N/A
2024-04-17 10:27:19,No,N/A,90.41145579,N/A,N/A,95.08546702333335,N/A,N/A,95.16816711666667,N/A,N/A,97.63582610666667,N/A,N/A,91.53622182,N/A,N/A,96.03154500333333,N/A,N/A
2024-04-17 10:27:20,No,N/A,90.45910390333334,N/A,N/A,95.11032104666667,N/A,N/A,95.21166483666667,N/A,N/A,97.66535695333333,N/A,N/A,91.59255981666666,N/A,N/A,96.05576070000001,N/A,N/A
2024-04-17 10:27:22,No,N/A,90.48571014333334,N/A,N/A,95.15518443,N/A,N/A,95.24985504333334,N/A,N/A,97.70518493666667,N/A,N/A,91.61263529666667,N/A,N/A,96.08194732666668,N/A,N/A
2024-04-17 10:27:24,No,N/A,90.47458139999999,N/A,N/A,95.15770212666666,N/A,N/A,95.28504943666667,N/A,N/A,97.74374898,N/A,N/A,91.60157521333333,N/A,N/A,96.10417175333333,N/A,N/A
2024-04-17 10:27:25,No,N/A,90.48047892333334,N/A,N/A,95.17933400333334,N/A,N/A,95.31574758000001,N/A,N/A,97.76700592333333,N/A,N/A,91.59955342666666,N/A,N/A,96.13400777,N/A,N/A
2024-04-17 10:27:27,No,N/A,90.50040435666665,N/A,N/A,95.17844136666668,N/A,N/A,95.32715098,N/A,N/A,97.79147593,N/A,N/A,91.61908213333334,N/A,N/A,96.14631907,N/A,N/A
2024-04-17 10:27:28,No,N/A,90.53151448666667,N/A,N/A,95.17429860333334,N/A,N/A,95.33560943666667,N/A,N/A,97.79330444333333,N/A,N/A,91.63924662333334,N/A,N/A,96.16518910666667,N/A,N/A
2024-04-17 10:27:30,No,N/A,90.54980723,N/A,N/A,95.23262024,N/A,N/A,95.37098948,N/A,N/A,97.83673604333335,N/A,N/A,91.63441467333332,N/A,N/A,96.18419901666668,N/A,N/A
2024-04-17 10:27:31,No,N/A,90.56515502999999,N/A,N/A,95.33408864333335,N/A,N/A,95.40128326333333,N/A,N/A,97.89059193666667,N/A,N/A,91.63360595666666,N/A,N/A,96.15703328666666,N/A,N/A
2024-04-17 10:27:33,No,N/A,90.58127339666667,N/A,N/A,95.42205810333333,N/A,N/A,95.42648061333334,N/A,N/A,97.91338602999998,N/A,N/A,91.63135274333332,N/A,N/A,96.11016591666667,N/A,N/A
2024-04-17 10:27:34,No,N/A,90.60112762666665,N/A,N/A,95.53485616,N/A,N/A,95.44680277666669,N/A,N/A,97.94814300666667,N/A,N/A,91.63349151666667,N/A,N/A,96.10218810666667,N/A,N/A
2024-04-17 10:27:36,No,N/A,90.62644195666667,N/A,N/A,95.58538055333334,N/A,N/A,95.47187042,N/A,N/A,98.01334126666666,N/A,N/A,91.64131927666666,N/A,N/A,96.10905965333332,N/A,N/A
2024-04-17 10:27:38,No,N/A,90.63835144000001,N/A,N/A,95.60764821333333,N/A,N/A,95.50328572333335,N/A,N/A,98.07190958666666,N/A,N/A,91.64871978666666,N/A,N/A,96.12223561666667,N/A,N/A
2024-04-17 10:27:39,No,N/A,90.66101837000001,N/A,N/A,95.65514373666667,N/A,N/A,95.52722931,N/A,N/A,98.11281331333333,N/A,N/A,91.65550232,N/A,N/A,96.16049448666666,N/A,N/A
2024-04-17 10:27:41,No,N/A,90.67242177666667,N/A,N/A,95.71046447666667,N/A,N/A,95.54806264333332,N/A,N/A,98.10748036666666,N/A,N/A,91.65690612666667,N/A,N/A,96.17505137,N/A,N/A
2024-04-17 10:27:42,No,N/A,90.68685658666668,N/A,N/A,95.74528249000001,N/A,N/A,95.56781260333332,N/A,N/A,98.11686960666667,N/A,N/A,91.66226705000001,N/A,N/A,96.17668406,N/A,N/A
2024-04-17 10:27:44,No,N/A,90.70208231333334,N/A,N/A,95.80193329000001,N/A,N/A,95.59089406333334,N/A,N/A,98.09677378333333,N/A,N/A,91.67076110666666,N/A,N/A,96.13547769999998,N/A,N/A
2024-04-17 10:27:46,No,N/A,90.72424062333333,N/A,N/A,95.86190541666667,N/A,N/A,95.62424468666666,N/A,N/A,98.12790933999999,N/A,N/A,91.6921107,N/A,N/A,96.12902577666667,N/A,N/A
2024-04-17 10:27:47,No,N/A,90.73333994666666,N/A,N/A,95.84140268666665,N/A,N/A,95.63748423333334,N/A,N/A,98.17115529333334,N/A,N/A,91.71067810333334,N/A,N/A,96.17919922,N/A,N/A
2024-04-17 10:27:49,No,N/A,90.72310893000001,N/A,N/A,95.74826812666667,N/A,N/A,95.60651652,N/A,N/A,98.15201314333335,N/A,N/A,91.72643280333334,N/A,N/A,96.22758229666665,N/A,N/A
2024-04-17 10:27:50,No,N/A,90.72022247333332,N/A,N/A,95.65828196333335,N/A,N/A,95.59359995666667,N/A,N/A,98.15520223,N/A,N/A,91.71685791,N/A,N/A,96.27525075333334,N/A,N/A
2024-04-17 10:27:52,No,N/A,90.74819183,N/A,N/A,95.67537943333333,N/A,N/A,95.60817973,N/A,N/A,98.18499755666669,N/A,N/A,91.72023010333334,N/A,N/A,96.30746968666666,N/A,N/A
2024-04-17 10:27:53,No,N/A,90.77415466333333,N/A,N/A,95.74109395,N/A,N/A,95.64633687333333,N/A,N/A,98.25584157333333,N/A,N/A,91.73825327333334,N/A,N/A,96.35201517666667,N/A,N/A
2024-04-17 10:27:55,No,N/A,90.80400339666666,N/A,N/A,95.79900360333333,N/A,N/A,95.68885040333333,N/A,N/A,98.29783376,N/A,N/A,91.76194254666666,N/A,N/A,96.38795216999999,N/A,N/A
2024-04-17 10:27:57,No,N/A,90.84036000666667,N/A,N/A,95.80601501666666,N/A,N/A,95.72412617666667,N/A,N/A,98.33179728333334,N/A,N/A,91.78908793,N/A,N/A,96.42610931666667,N/A,N/A
2024-04-17 10:27:58,No,N/A,90.86065928,N/A,N/A,95.79564666666666,N/A,N/A,95.75874074333335,N/A,N/A,98.35527547333334,N/A,N/A,91.80157979333335,N/A,N/A,96.47027587666668,N/A,N/A
2024-04-17 10:28:00,No,N/A,90.87962850000001,N/A,N/A,95.84418996,N/A,N/A,95.75847371333333,N/A,N/A,98.35047658,N/A,N/A,91.84873708333333,N/A,N/A,96.51654561333334,N/A,N/A
2024-04-17 10:28:01,No,N/A,90.91103109000001,N/A,N/A,95.84423065,N/A,N/A,95.76780954666667,N/A,N/A,98.35303497333332,N/A,N/A,91.87933858333334,N/A,N/A,96.55207570333333,N/A,N/A
2024-04-17 10:28:03,No,N/A,90.92045593333334,N/A,N/A,95.84730275666668,N/A,N/A,95.80496979000002,N/A,N/A,98.39089966,N/A,N/A,91.89285787,N/A,N/A,96.58959960666668,N/A,N/A
2024-04-17 10:28:04,No,N/A,90.94092305666668,N/A,N/A,95.88655598999999,N/A,N/A,95.83601379,N/A,N/A,98.42228444666667,N/A,N/A,91.90641021666666,N/A,N/A,96.60770924666667,N/A,N/A
2024-04-17 10:28:06,No,N/A,90.96224975666667,N/A,N/A,95.95653788333334,N/A,N/A,95.84247080333334,N/A,N/A,98.46474711,N/A,N/A,91.90791829333334,N/A,N/A,96.60756428999998,N/A,N/A
2024-04-17 10:28:08,No,N/A,91.00749461,N/A,N/A,96.02093760333332,N/A,N/A,95.87441508,N/A,N/A,98.51420338999999,N/A,N/A,91.93121592,N/A,N/A,96.62819163,N/A,N/A
2024-04-17 10:28:09,No,N/A,91.02665710333333,N/A,N/A,96.06666819333334,N/A,N/A,95.90499878000001,N/A,N/A,98.54311116666668,N/A,N/A,91.94817606666668,N/A,N/A,96.65100606333334,N/A,N/A
2024-04-17 10:28:11,No,N/A,91.0529658,N/A,N/A,96.07783253999999,N/A,N/A,95.93828074,N/A,N/A,98.56423950333334,N/A,N/A,91.97107696666667,N/A,N/A,96.67630513333334,N/A,N/A
2024-04-17 10:28:12,No,N/A,91.08939870333332,N/A,N/A,96.14307403666668,N/A,N/A,95.98095957333334,N/A,N/A,98.59255981666666,N/A,N/A,91.99124145333333,N/A,N/A,96.69427744333335,N/A,N/A
2024-04-17 10:28:14,No,N/A,91.10800425333333,N/A,N/A,96.21151479000001,N/A,N/A,96.00228881666668,N/A,N/A,98.60387929333332,N/A,N/A,92.0014623,N/A,N/A,96.65721384666666,N/A,N/A
2024-04-17 10:28:15,No,N/A,91.12460327333334,N/A,N/A,96.22754160333334,N/A,N/A,96.02095031666666,N/A,N/A,98.63931528666667,N/A,N/A,92.01668294333332,N/A,N/A,96.65354919666667,N/A,N/A
2024-04-17 10:28:17,No,N/A,91.14524841333332,N/A,N/A,96.26465098333334,N/A,N/A,96.04900614333333,N/A,N/A,98.68601226999999,N/A,N/A,92.04848734666666,N/A,N/A,96.67828369,N/A,N/A
2024-04-17 10:28:19,No,N/A,91.17317708333333,N/A,N/A,96.30671437666666,N/A,N/A,96.07738240333333,N/A,N/A,98.72056325333334,N/A,N/A,92.06277211666668,N/A,N/A,96.70429229666668,N/A,N/A
2024-04-17 10:28:20,No,N/A,91.18999735666667,N/A,N/A,96.33924102666667,N/A,N/A,96.09455871333334,N/A,N/A,98.75808207,N/A,N/A,92.07426961,N/A,N/A,96.73210144333335,N/A,N/A
2024-04-17 10:28:22,No,N/A,91.2006073,N/A,N/A,96.35538737,N/A,N/A,96.10931142333334,N/A,N/A,98.79102834000001,N/A,N/A,92.08362579333334,N/A,N/A,96.75139109000001,N/A,N/A
2024-04-17 10:28:23,No,N/A,91.20262400333333,N/A,N/A,96.41604360333334,N/A,N/A,96.12028503333333,N/A,N/A,98.80804952,N/A,N/A,92.09095001333333,N/A,N/A,96.76083628333333,N/A,N/A
2024-04-17 10:28:25,No,N/A,91.19349416,N/A,N/A,96.46628062,N/A,N/A,96.12035878333334,N/A,N/A,98.78966522333333,N/A,N/A,92.08871205666667,N/A,N/A,96.7747701,N/A,N/A
2024-04-17 10:28:27,No,N/A,91.18597666666666,N/A,N/A,96.44378153666666,N/A,N/A,96.12956492,N/A,N/A,98.80075836333333,N/A,N/A,92.08301544,N/A,N/A,96.79141998333334,N/A,N/A
2024-04-17 10:28:28,No,N/A,91.18704731999999,N/A,N/A,96.37342834333333,N/A,N/A,96.14158376,N/A,N/A,98.81010436999999,N/A,N/A,92.10255940999998,N/A,N/A,96.83287811333334,N/A,N/A
2024-04-17 10:28:30,No,N/A,91.20625051,N/A,N/A,96.32071939999999,N/A,N/A,96.16029612333334,N/A,N/A,98.77986144666666,N/A,N/A,92.11607360666666,N/A,N/A,96.87439982000001,N/A,N/A
2024-04-17 10:28:31,No,N/A,91.19682057666667,N/A,N/A,96.29595438666666,N/A,N/A,96.16755676333332,N/A,N/A,98.79417419666667,N/A,N/A,92.13920338999999,N/A,N/A,96.92272949333334,N/A,N/A
2024-04-17 10:28:33,No,N/A,91.2021993,N/A,N/A,96.25584157666667,N/A,N/A,96.15138753333333,N/A,N/A,98.77592722666667,N/A,N/A,92.17141723333333,N/A,N/A,96.95832316,N/A,N/A
2024-04-17 10:28:34,No,N/A,91.22199758,N/A,N/A,96.22740173333334,N/A,N/A,96.15738932333333,N/A,N/A,98.76812490000002,N/A,N/A,92.20913696333334,N/A,N/A,96.99768829333334,N/A,N/A
2024-04-17 10:28:36,No,N/A,91.26167551666667,N/A,N/A,96.23029327666666,N/A,N/A,96.16476186333334,N/A,N/A,98.76336924333333,N/A,N/A,92.26887766333333,N/A,N/A,97.04094696,N/A,N/A
2024-04-17 10:28:37,No,N/A,91.28298695666666,N/A,N/A,96.20566050333333,N/A,N/A,96.12585449,N/A,N/A,98.74270884333332,N/A,N/A,92.25406392666667,N/A,N/A,97.06523132333332,N/A,N/A
2024-04-17 10:28:39,No,N/A,91.29374949,N/A,N/A,96.18988546000001,N/A,N/A,96.08349863666666,N/A,N/A,98.73824309999999,N/A,N/A,92.30740102,N/A,N/A,97.09146626666666,N/A,N/A
2024-04-17 10:28:41,No,N/A,91.27996571999999,N/A,N/A,96.1747818,N/A,N/A,96.03506978333333,N/A,N/A,98.74694315666666,N/A,N/A,92.31192525333334,N/A,N/A,97.12287648666667,N/A,N/A
2024-04-17 10:28:42,No,N/A,91.28086853,N/A,N/A,96.16655222666667,N/A,N/A,95.98670451,N/A,N/A,98.75966898333333,N/A,N/A,92.33434804333335,N/A,N/A,97.13513692333333,N/A,N/A
2024-04-17 10:28:44,No,N/A,91.29814656666667,N/A,N/A,96.18890635000001,N/A,N/A,96.00843302333334,N/A,N/A,98.76440938,N/A,N/A,92.37402598,N/A,N/A,97.12866974,N/A,N/A
2024-04-17 10:28:45,No,N/A,91.33897145666667,N/A,N/A,96.25627136333333,N/A,N/A,96.04862722,N/A,N/A,98.79277293,N/A,N/A,92.42718505666666,N/A,N/A,97.14914957666667,N/A,N/A
2024-04-17 10:28:47,No,N/A,91.38037109666668,N/A,N/A,96.29384613,N/A,N/A,96.06980133,N/A,N/A,98.82567342,N/A,N/A,92.48347218666667,N/A,N/A,97.16876220666666,N/A,N/A
2024-04-17 10:28:49,No,N/A,91.42551930666667,N/A,N/A,96.31213379,N/A,N/A,96.13001505333334,N/A,N/A,98.85468292,N/A,N/A,92.52742767666666,N/A,N/A,97.18825022333334,N/A,N/A
2024-04-17 10:28:50,No,N/A,91.47241973666667,N/A,N/A,96.33422088666667,N/A,N/A,96.19143422666666,N/A,N/A,98.88252003999999,N/A,N/A,92.55490112,N/A,N/A,97.21196746666668,N/A,N/A
2024-04-17 10:28:52,No,N/A,91.51476796333333,N/A,N/A,96.34403737666666,N/A,N/A,96.25904337333334,N/A,N/A,98.91753641666666,N/A,N/A,92.55340321666665,N/A,N/A,97.23776753666668,N/A,N/A
2024-04-17 10:28:53,No,N/A,91.55225626666667,N/A,N/A,96.38049062,N/A,N/A,96.31880696666667,N/A,N/A,98.95408884666666,N/A,N/A,92.55330149666668,N/A,N/A,97.27446492666667,N/A,N/A
2024-04-17 10:28:55,No,N/A,91.58867136666667,N/A,N/A,96.42301177999998,N/A,N/A,96.36947886333333,N/A,N/A,98.98674011333334,N/A,N/A,92.54714965666666,N/A,N/A,97.30006662666666,N/A,N/A
2024-04-17 10:28:56,No,N/A,91.61073812000001,N/A,N/A,96.47851562666665,N/A,N/A,96.41534169333333,N/A,N/A,99.02586619333334,N/A,N/A,92.54060109666666,N/A,N/A,97.31945037999999,N/A,N/A
2024-04-17 10:28:58,No,N/A,91.60935465333334,N/A,N/A,96.53015391000001,N/A,N/A,96.43970743999999,N/A,N/A,99.05964406333334,N/A,N/A,92.53630828666667,N/A,N/A,97.35006968333334,N/A,N/A
2024-04-17 10:29:00,No,N/A,91.60987854,N/A,N/A,96.59843444666667,N/A,N/A,96.45547485333333,N/A,N/A,99.10052236,N/A,N/A,92.53508504333332,N/A,N/A,97.35138702333334,N/A,N/A
2024-04-17 10:29:01,No,N/A,91.61740366666668,N/A,N/A,96.68897501666667,N/A,N/A,96.47600046666668,N/A,N/A,99.15634155333333,N/A,N/A,92.53807067666666,N/A,N/A,97.32825978333334,N/A,N/A
2024-04-17 10:29:03,No,N/A,91.61464437000001,N/A,N/A,96.72977193000001,N/A,N/A,96.48337300666667,N/A,N/A,99.20651245333333,N/A,N/A,92.53170267666667,N/A,N/A,97.36634572333332,N/A,N/A
2024-04-17 10:29:04,No,N/A,91.61679586000001,N/A,N/A,96.72942861,N/A,N/A,96.50040689999999,N/A,N/A,99.24186452333333,N/A,N/A,92.52737935333333,N/A,N/A,97.40155283666667,N/A,N/A
2024-04-17 10:29:06,No,N/A,91.62339528333332,N/A,N/A,96.66257222333333,N/A,N/A,96.52125040666668,N/A,N/A,99.22957611,N/A,N/A,92.53366089000001,N/A,N/A,97.41219838666666,N/A,N/A
2024-04-17 10:29:07,No,N/A,91.62980651666668,N/A,N/A,96.67180125,N/A,N/A,96.54867044999999,N/A,N/A,99.2392807,N/A,N/A,92.53782654000001,N/A,N/A,97.4431661,N/A,N/A
2024-04-17 10:29:09,No,N/A,91.62693786666667,N/A,N/A,96.72797139333333,N/A,N/A,96.56080627333334,N/A,N/A,99.21931457333334,N/A,N/A,92.53100331666667,N/A,N/A,97.42938995333333,N/A,N/A
2024-04-17 10:29:11,No,N/A,91.62384287666667,N/A,N/A,96.75936381333332,N/A,N/A,96.56212870333333,N/A,N/A,99.22094471999999,N/A,N/A,92.53310649000001,N/A,N/A,97.35205586666666,N/A,N/A
2024-04-17 10:29:12,No,N/A,91.62790933999999,N/A,N/A,96.78249105000002,N/A,N/A,96.57946268666667,N/A,N/A,99.25003560666669,N/A,N/A,92.54279073,N/A,N/A,97.32388814333335,N/A,N/A
2024-04-17 10:29:14,No,N/A,91.62941996333332,N/A,N/A,96.78440348333334,N/A,N/A,96.57810720000002,N/A,N/A,99.28023529,N/A,N/A,92.54580943,N/A,N/A,97.35859934333332,N/A,N/A
2024-04-17 10:29:15,No,N/A,91.63098399,N/A,N/A,96.77049255333333,N/A,N/A,96.56600443333333,N/A,N/A,99.30289713666666,N/A,N/A,92.55875650666667,N/A,N/A,97.41449737333333,N/A,N/A
2024-04-17 10:29:17,No,N/A,91.63219960666667,N/A,N/A,96.75837707666666,N/A,N/A,96.56722005,N/A,N/A,99.28385416666667,N/A,N/A,92.57334645666667,N/A,N/A,97.46704864666667,N/A,N/A
2024-04-17 10:29:18,No,N/A,91.64430491,N/A,N/A,96.76176961333334,N/A,N/A,96.60094706,N/A,N/A,99.29180145,N/A,N/A,92.58766683,N/A,N/A,97.51240539333332,N/A,N/A
2024-04-17 10:29:20,No,N/A,91.64768727666667,N/A,N/A,96.71987915,N/A,N/A,96.60284932333333,N/A,N/A,99.28427632666667,N/A,N/A,92.62266286333333,N/A,N/A,97.53233082999999,N/A,N/A
2024-04-17 10:29:22,No,N/A,91.653862,N/A,N/A,96.72196706333334,N/A,N/A,96.56631215666668,N/A,N/A,99.25079345666667,N/A,N/A,92.67248280666666,N/A,N/A,97.56354522666668,N/A,N/A
2024-04-17 10:29:23,No,N/A,91.64318593333333,N/A,N/A,96.70510864333333,N/A,N/A,96.56585947666667,N/A,N/A,99.22715250666668,N/A,N/A,92.68714396,N/A,N/A,97.58520508,N/A,N/A
2024-04-17 10:29:25,No,N/A,91.65194702000001,N/A,N/A,96.69287617999998,N/A,N/A,96.54508209,N/A,N/A,99.20135243666668,N/A,N/A,92.71373494666666,N/A,N/A,97.60505675999998,N/A,N/A
2024-04-17 10:29:26,No,N/A,91.65711466666666,N/A,N/A,96.66640472333332,N/A,N/A,96.56325022333334,N/A,N/A,99.19730122666665,N/A,N/A,92.70274861666667,N/A,N/A,97.61307525666666,N/A,N/A
2024-04-17 10:29:28,No,N/A,91.67646026666667,N/A,N/A,96.68493652666666,N/A,N/A,96.59643046000001,N/A,N/A,99.25166829666667,N/A,N/A,92.69886525333334,N/A,N/A,97.6232783,N/A,N/A
2024-04-17 10:29:29,No,N/A,91.70190429666667,N/A,N/A,96.70362091,N/A,N/A,96.59269460333333,N/A,N/A,99.27046457666667,N/A,N/A,92.73709869666668,N/A,N/A,97.64329783000001,N/A,N/A
2024-04-17 10:29:31,No,N/A,91.71160125666667,N/A,N/A,96.71914927333334,N/A,N/A,96.59895325000001,N/A,N/A,99.27850596,N/A,N/A,92.76285044333333,N/A,N/A,97.66574859666667,N/A,N/A
2024-04-17 10:29:33,No,N/A,91.71679687333334,N/A,N/A,96.77007039333334,N/A,N/A,96.59097544333333,N/A,N/A,99.26397959333333,N/A,N/A,92.80671691666667,N/A,N/A,97.69433085333333,N/A,N/A
2024-04-17 10:29:34,No,N/A,91.73324585,N/A,N/A,96.78977966333333,N/A,N/A,96.59026845333335,N/A,N/A,99.25127919333333,N/A,N/A,92.81817627,N/A,N/A,97.71733347666667,N/A,N/A
2024-04-17 10:29:36,No,N/A,91.72947184333333,N/A,N/A,96.77092997,N/A,N/A,96.60750834,N/A,N/A,99.27489471333335,N/A,N/A,92.81583913333334,N/A,N/A,97.72494761,N/A,N/A
2024-04-17 10:29:37,No,N/A,91.75397491333332,N/A,N/A,96.72473144333333,N/A,N/A,96.63528696666667,N/A,N/A,99.29327646999998,N/A,N/A,92.82699330666667,N/A,N/A,97.72772725666668,N/A,N/A
